CEP;UF;CIDADE;BAIRRO;LOGRADOURO
68900010;AP;Macapá;Central;Avenida Coaracy Nunes
68900011;AP;Macapá;Central;Rua Tapajós
68900012;AP;Macapá;Central;Rua Rio Juruá
68900013;AP;Macapá;Central;Rua Amazonas
68900014;AP;Macapá;Central;Alameda Isac Alcolumbre
68900015;AP;Macapá;Central;Avenida Antônio Coelho de Carvalho
68900016;AP;Macapá;Central;Passagem Professora Cora de Carvalho
68900017;AP;Macapá;Central;Passagem Abraan Peres
68900020;AP;Macapá;Central;Avenida Mendonça Júnior
68900021;AP;Macapá;Central;Rua Manoel Eudóxio Pereira
68900022;AP;Macapá;Central;Rua Professor Tostes
68900030;AP;Macapá;Central;Avenida Padre Júlio Maria Lombaerd
68900031;AP;Macapá;Central;Vila Montese
68900032;AP;Macapá;Central;Avenida Salgado Filho
68900033;AP;Macapá;Central;Passagem José Serra e Silva
68900040;AP;Macapá;Central;Avenida Professora Cora de Carvalho
68900041;AP;Macapá;Central;Avenida Almirante Barroso
68900050;AP;Macapá;Central;Avenida General Gurjão
68900060;AP;Macapá;Central;Avenida Mendonça Furtado
68900062;AP;Macapá;Jesus de Nazaré;Avenida Padre Manoel da Nóbrega
68900065;AP;Macapá;Central;Rua Raimundo Ozanan
68900066;AP;Macapá;Central;Avenida Machado de Assis
68900067;AP;Macapá;Central;Rua Leopoldo Machado
68900068;AP;Macapá;Central;Rua Hamilton Silva
68900070;AP;Macapá;Central;Avenida Presidente Getúlio Vargas
68900071;AP;Macapá;Central;Avenida Duque de Caxias
68900072;AP;Macapá;Central;Avenida Euclides da Cunha
68900073;AP;Macapá;Central;Avenida FAB
68900074;AP;Macapá;Central;Avenida Raimundo Álvares da Costa
68900075;AP;Macapá;Central;Rua Jovino Dinoá
68900080;AP;Macapá;Central;Rua Francisco Azarias da Silva Coelho Neto
68900081;AP;Macapá;Central;Avenida Procópio Rola
68900082;AP;Macapá;Central;Rua General Rondon
68900083;AP;Macapá;Central;Rua Eliézer Levy
68900090;AP;Macapá;Central;Rua Independência
68900091;AP;Macapá;Central;Avenida Rio Maracá
68900092;AP;Macapá;Central;Avenida Rio Vila Nova
68900093;AP;Macapá;Central;Avenida Rio Matapi
68900094;AP;Macapá;Central;Rua Rio Tocantins
68900095;AP;Macapá;Central;Avenida Ataíde Teive
68900097;AP;Macapá;Central;Alameda Francisco Serrano
68900098;AP;Macapá;Central;Rua Tiradentes
68900099;AP;Macapá;Central;Avenida Iracema Carvão Nunes
68900100;AP;Macapá;Central;Rua Cândido Mendes
68900101;AP;Macapá;Central;Avenida Coriolano Jucá
68900102;AP;Macapá;Central;Praça da Bandeira
68900110;AP;Macapá;Central;Rua São José
68900115;AP;Macapá;Central;Avenida Henrique Galúcio
68900116;AP;Macapá;Central;Avenida Pedro Baião
68900151;AP;Macapá;Central;Rua Odilardo Silva
68900453;AP;Macapá;Central;Praça Barão do Rio Branco
68900700;AP;Macapá;Central;Travessa Floriano Peixoto
68900740;AP;Macapá;Central;Avenida Mário Cruz
68900760;AP;Macapá;Central;Passagem Rio Branco
68900800;AP;Macapá;Central;Praça Isaac Zagury
68900810;AP;Macapá;Central;Praça Veiga Cabral
68900840;AP;Macapá;Central;Praça Floriano Peixoto
68901016;AP;Macapá;Trem;Rua Eliézer Levy
68901017;AP;Macapá;Trem;Rua Odilardo Silva
68901018;AP;Macapá;Trem;Rua General Rondon
68901019;AP;Macapá;Trem;Avenida Antonio Gonçalves Tocantins
68901020;AP;Macapá;Trem;Rua Rio Macacoari
68901021;AP;Macapá;Trem;Rua Rio Pedreira
68901025;AP;Macapá;Trem;Avenida Feliciano Coelho
68901045;AP;Macapá;Trem;Praça Nossa Senhora da Conceição
68901050;AP;Macapá;Trem;Avenida Cônego Domingos Maltês
68901060;AP;Macapá;Trem;Avenida Maria Quitéria
68901076;AP;Macapá;Santa Rita;Avenida Procópio Rola
68901077;AP;Macapá;Santa Rita;Avenida Carlos Gomes
68901080;AP;Macapá;Trem;Avenida Desidério Antônio Coelho
68901090;AP;Macapá;Trem;Avenida Diógenes Silva
68901092;AP;Macapá;Trem;Avenida Acelino de Leão
68901100;AP;Macapá;Trem;Avenida Primeiro de Maio
68901110;AP;Macapá;Trem;Avenida Clodóvio Coelho
68901111;AP;Macapá;Trem;Avenida Felipe Camarão
68901112;AP;Macapá;Trem;Avenida Treze de Setembro
68901120;AP;Macapá;Trem;Rua Jovino Dinoá
68901121;AP;Macapá;Trem;Rua Rio Jupati
68901130;AP;Macapá;Trem;Rua Leopoldo Machado
68901140;AP;Macapá;Trem;Rua Hamilton Silva
68901150;AP;Macapá;Trem;Rua Manoel Eudóxio Pereira
68901254;AP;Macapá;Santa Rita;Avenida Mendonça Furtado
68901255;AP;Macapá;Santa Rita;Avenida Henrique Galúcio
68901256;AP;Macapá;Santa Rita;Avenida Raimundo Álvares da Costa
68901257;AP;Macapá;Santa Rita;Avenida Euclides da Cunha
68901258;AP;Macapá;Santa Rita;Avenida Duque de Caxias
68901259;AP;Macapá;Santa Rita;Avenida FAB
68901260;AP;Macapá;Santa Rita;Rua Paraná
68901261;AP;Macapá;Santa Rita;Rua Santa Catarina
68901262;AP;Macapá;Santa Rita;Avenida Presidente Getúlio Vargas
68901263;AP;Macapá;Santa Rita;Rua Rio Grande do Sul
68901264;AP;Macapá;Santa Rita;Passagem Santa Catarina
68901265;AP;Macapá;Santa Rita;Avenida Pedro Baião
68901266;AP;Macapá;Santa Rita;Rua do Canal
68901270;AP;Macapá;Santa Rita;Rua Santos Dumont
68901271;AP;Macapá;Santa Rita;Rua Hildemar Maia
68901275;AP;Macapá;Santa Rita;Avenida Ataíde Teive
68901280;AP;Macapá;Santa Rita;Avenida Antônio Coelho de Carvalho
68901281;AP;Macapá;Santa Rita;Avenida Salgado Filho
68901282;AP;Macapá;Santa Rita;Avenida Mendonça Júnior
68901283;AP;Macapá;Santa Rita;Avenida Padre Júlio Maria Lombaerd
68901285;AP;Macapá;Santa Rita;Avenida Feliciano Coelho
68901290;AP;Macapá;Santa Rita;Avenida Roque de Souza Penafort
68901291;AP;Macapá;Santa Rita;Avenida Pedro de Oliveira Gomes
68901295;AP;Macapá;Santa Rita;Avenida Cônego Domingos Maltês
68901300;AP;Macapá;Santa Rita;Avenida Francisco Valois Lima
68901301;AP;Macapá;Santa Rita;Rua Monteiro Lobato
68901305;AP;Macapá;Santa Rita;Avenida Maria Quitéria
68901315;AP;Macapá;Santa Rita;Avenida Acelino de Leão
68901316;AP;Macapá;Santa Rita;Rua Professor Tostes
68901320;AP;Macapá;Santa Rita;Avenida José Gomes Bezerra
68901325;AP;Macapá;Santa Rita;Avenida Desidério Antônio Coelho
68901326;AP;Macapá;Santa Rita;Avenida Diógenes Silva
68901330;AP;Macapá;Santa Rita;Avenida José da Silva Castro
68901335;AP;Macapá;Santa Rita;Avenida Professora Cora de Carvalho
68901336;AP;Macapá;Santa Rita;Avenida Almirante Barroso
68901340;AP;Macapá;Santa Rita;Rua Roberto Ferreira da Silva
68901341;AP;Macapá;Santa Rita;Rua Marcelo Cândia
68901342;AP;Macapá;Santa Rita;Rua Minas Gerais
68901345;AP;Macapá;Santa Rita;Avenida Vereador Orlando Pinto
68901346;AP;Macapá;Santa Rita;Avenida Doutor Silas Salgado
68901347;AP;Macapá;Santa Rita;Avenida Israel Marques Sozinho
68901348;AP;Macapá;Santa Rita;Avenida Reinaldo Damasceno
68901349;AP;Macapá;Santa Rita;Travessa Joaquim Pinheiro Borges
68901350;AP;Macapá;Santa Rita;Rua Barão de Mauá
68901370;AP;Macapá;Santa Inês;Rua Rio Gorijuba
68901380;AP;Macapá;Santa Inês;Rua Iraci Nunes Nadior
68901390;AP;Macapá;Santa Inês;Rua Rio Araguari
68901410;AP;Macapá;Santa Inês;Rua Oscar Santos
68901420;AP;Macapá;Santa Inês;Canal do Mucajá
68901430;AP;Macapá;Santa Inês;Rua Poços
68901440;AP;Macapá;Santa Inês;Rua Maria José Aragão de Souza
68901450;AP;Macapá;Santa Inês;Rua Álvaro Bezerra
68901460;AP;Macapá;Santa Inês;Rua André de Oliveira Costa
68901470;AP;Macapá;Santa Inês;Rua Beira Rio
68901480;AP;Macapá;Santa Inês;Rua José Trajano de Souza
68901481;AP;Macapá;Santa Inês;Travessa Oscar Santos
68901482;AP;Macapá;Santa Inês;Rua Mucajá
68901483;AP;Macapá;Santa Inês;Passarela do Mucajá
68901484;AP;Macapá;Santa Inês;Passagem do Mucajá
68901485;AP;Macapá;Santa Inês;Rua Santa Inês
68901486;AP;Macapá;Santa Inês;Travessa José Trajano
68901487;AP;Macapá;Santa Inês;Passarela Acelino de Leão
68901490;AP;Macapá;Santa Inês;Travessa Marco Zero
68901500;AP;Macapá;Santa Inês;Avenida dos Navegantes
68901510;AP;Macapá;Santa Inês;Rua Novo Horizonte
68901511;AP;Macapá;Santa Inês;Avenida Elpidio Magalhães Carvalho
68901520;AP;Macapá;Santa Inês;Avenida Seis de Setembro
68901530;AP;Macapá;Santa Inês;Avenida Eulálio Modesto de Oliveira
68901540;AP;Macapá;Santa Inês;Travessa Primeiro de Maio
68901541;AP;Macapá;Santa Inês;Avenida Pedro Lazarino
68901542;AP;Macapá;Santa Inês;Avenida Caramuru
68901543;AP;Macapá;Santa Inês;Travessa José Trajano de Souza
68901544;AP;Macapá;Santa Inês;Travessa Oscár Santos
68901550;AP;Macapá;Santa Inês;Travessa Acelino de Leão
68901560;AP;Macapá;Santa Inês;Travessa Pastor Vicente Rego
68901570;AP;Macapá;Santa Inês;Travessa Professor Zacarias
68901590;AP;Macapá;Nova Esperança;Avenida José Praxédio de Mendonça
68901591;AP;Macapá;Nova Esperança;Travessa Cândido Portinari
68901592;AP;Macapá;Nova Esperança;Passagem Terceiro Bis
68901600;AP;Macapá;Nova Esperança;Rua Padre Vitório Galiane
68901610;AP;Macapá;Nova Esperança;Avenida Raimundo Pequilo Gomes de Almeida
68901630;AP;Macapá;Nova Esperança;Avenida Juracy Muniz Coelho
68901640;AP;Macapá;Nova Esperança;Avenida Tia Anita
68901650;AP;Macapá;Nova Esperança;Avenida Ponciano José Joaquim
68901660;AP;Macapá;Nova Esperança;Avenida Celestino Pinheiro
68901670;AP;Macapá;Nova Esperança;Avenida Clemência Zagury
68901685;AP;Macapá;Nova Esperança;Avenida José Corrêa da Costa
68901690;AP;Macapá;Nova Esperança;Avenida Benedito Malcher
68901695;AP;Macapá;Nova Esperança;Avenida Luís Pires da Costa
68901710;AP;Macapá;Nova Esperança;Avenida João Gualberto da Silva
68901720;AP;Macapá;Nova Esperança;Rua Mateus Valente do Couto
68901730;AP;Macapá;Nova Esperança;Rua Minas Gerais
68901750;AP;Macapá;Nova Esperança;Rua Secundino Campos
68901760;AP;Macapá;Nova Esperança;Travessa Natanair Monteiro da Piedade
68901770;AP;Macapá;Nova Esperança;Travessa Engenheiro Joaquim
68901790;AP;Macapá;Nova Esperança;Passagem Minas Gerais
68901860;AP;Macapá;Nova Esperança;Avenida Natanair Monteiro da Piedade
68902000;AP;Macapá;Beirol;Rua Manoel Eudóxio Pereira
68902001;AP;Macapá;Muca;Rua Manoel Eudóxio Pereira
68902005;AP;Macapá;Beirol;Avenida Anhangüera
68902006;AP;Macapá;Beirol;Travessa Vasco da Gama
68902010;AP;Macapá;Beirol;Rua Hamilton Silva
68902011;AP;Macapá;Beirol;Avenida Maria José de Nazaré Ferreira Lima
68902016;AP;Macapá;Beirol;Avenida Seis de Setembro
68902020;AP;Macapá;Beirol;Rua Leopoldo Machado
68902025;AP;Macapá;Beirol;Avenida Creuza Mendes Holanda
68902026;AP;Macapá;Beirol;Rodovia Juscelino Kubitschek
68902030;AP;Macapá;Beirol;Rua Jovino Dinoá
68902080;AP;Macapá;Beirol;Avenida Pedro Lazarino
68902100;AP;Macapá;Beirol;Avenida Caramuru
68902110;AP;Macapá;Beirol;Avenida dos Xavantes
68902120;AP;Macapá;Beirol;Avenida dos Tupiniquins
68902130;AP;Macapá;Beirol;Avenida dos Galibis
68902140;AP;Macapá;Beirol;Avenida dos Aimorés
68902150;AP;Macapá;Beirol;Avenida dos Goitacazes
68902160;AP;Macapá;Beirol;Avenida dos Guaranis
68902170;AP;Macapá;Beirol;Avenida dos Timbiras
68902180;AP;Macapá;Beirol;Avenida dos Tamoios
68902190;AP;Macapá;Beirol;Avenida dos Tupis
68902200;AP;Macapá;Beirol;Avenida dos Tembés
68902210;AP;Macapá;Muca;Rua Professor Tostes
68902230;AP;Macapá;Muca;Rua Santos Dumont
68902280;AP;Macapá;Muca;Avenida Creuza Mendes Holanda
68902285;AP;Macapá;Muca;Travessa Segunda da Tupis
68902286;AP;Macapá;Muca;Travessa Rosa Cruz
68902287;AP;Macapá;Muca;Travessa Primeira da Remo Amoras
68902295;AP;Macapá;Muca;Travessa Terceira daTupis
68902305;AP;Macapá;Muca;Avenida José de Paula Lobo
68902313;AP;Macapá;Muca;Avenida G
68902315;AP;Macapá;Muca;Avenida Quilombo dos Palmares
68902316;AP;Macapá;Muca;Travessa Quinta da Tupis
68902317;AP;Macapá;Muca;Rua Remo Amoras de Oliveira
68902318;AP;Macapá;Muca;Passagem Vila Lobos
68902320;AP;Macapá;Muca;Avenida Raimundo Ferreira da Silva
68902321;AP;Macapá;Muca;Passagem S do Sena
68902322;AP;Macapá;Muca;Passagem do L
68902323;AP;Macapá;Muca;Passagem Alvaro de Azevedo
68902324;AP;Macapá;Muca;Passagem Rui Barbosa
68902330;AP;Macapá;Muca;Avenida Raimundo Nonato Banha Corrêa
68902335;AP;Macapá;Muca;Rua Hildemar Maia
68902336;AP;Macapá;Muca;Avenida dos Tamoios
68902340;AP;Macapá;Muca;Avenida Francisca Praxédio de Mendonça
68902345;AP;Macapá;Muca;Travessa Primeira da Tupis
68902346;AP;Macapá;Muca;Avenida dos Tupis
68902347;AP;Macapá;Muca;Avenida dos Tembés
68902350;AP;Macapá;Muca;Avenida José Mauro S. do Nascimento
68902356;AP;Macapá;Muca;Passagem Cleonice Santos Azevedo
68902357;AP;Macapá;Muca;Passagem Fagundes Varela
68902358;AP;Macapá;Muca;Passagem da Amizade
68902359;AP;Macapá;Muca;Passagem Dias Gomes
68902460;AP;Macapá;Muca;Avenida Maria Rosa Tavares de Almeida
68902465;AP;Macapá;Muca;Passagem José de Alencar
68902466;AP;Macapá;Muca;Passagem Eça de Queirós
68902467;AP;Macapá;Muca;Passagem Gregório de Matos Guerra
68902468;AP;Macapá;Muca;Passagem Castro Alves
68902469;AP;Macapá;Muca;Passagem Gonçalves Dias
68902590;AP;Macapá;Muca;Avenida Teresa Maciel Tavares
68902610;AP;Macapá;Muca;Travessa Monteiro Lobato
68902630;AP;Macapá;Beirol;Avenida Francisco Xavier Martins
68902640;AP;Macapá;Beirol;Avenida Odete Castelo
68902650;AP;Macapá;Beirol;Rua Odilardo Silva
68902660;AP;Macapá;Beirol;Avenida Emílio Rodrigues
68902680;AP;Macapá;Muca;Avenida São Januário
68902686;AP;Macapá;Muca;Travessa Sexta da Tupis
68902687;AP;Macapá;Muca;Travessa Quarta da Tupis
68902689;AP;Macapá;Muca;Travessa Rosa dos Ventos
68902756;AP;Macapá;Buritizal;Rua Terceira
68902757;AP;Macapá;Buritizal;Rua Sexta
68902758;AP;Macapá;Buritizal;Avenida Tupiniquins
68902759;AP;Macapá;Buritizal;Rua Monteiro Lobato
68902860;AP;Macapá;Buritizal;Avenida Anhangüera
68902861;AP;Macapá;Buritizal;Avenida Felipe Camarão
68902862;AP;Macapá;Buritizal;Avenida Pedro Lazarino
68902863;AP;Macapá;Buritizal;Avenida Caramuru
68902864;AP;Macapá;Buritizal;Avenida dos Xavantes
68902865;AP;Macapá;Buritizal;Avenida Treze de Setembro
68902866;AP;Macapá;Buritizal;Avenida dos Tupiniquins
68902867;AP;Macapá;Buritizal;Avenida dos Galibis
68902868;AP;Macapá;Buritizal;Avenida dos Aimorés
68902869;AP;Macapá;Buritizal;Avenida dos Goitacazes
68902870;AP;Macapá;Buritizal;Rua Hildemar Maia
68902871;AP;Macapá;Buritizal;Avenida dos Guaranis
68902872;AP;Macapá;Buritizal;Avenida dos Timbiras
68902873;AP;Macapá;Buritizal;Rua Barão de Mauá
68902874;AP;Macapá;Buritizal;Travessa Cinco
68902876;AP;Macapá;Buritizal;Travessa Quatro
68902877;AP;Macapá;Buritizal;Travessa Dois
68902878;AP;Macapá;Buritizal;Travessa Um
68902880;AP;Macapá;Buritizal;Rua Santos Dumont
68902885;AP;Macapá;Buritizal;Avenida Clodóvio Coelho
68902891;AP;Macapá;Buritizal;Avenida Primeiro de Maio
68902892;AP;Macapá;Buritizal;Rua Professor Tostes
68903001;AP;Macapá;Jardim Equatorial;Rua José Chaves Cohen
68903002;AP;Macapá;Jardim Equatorial;Rua Caripunas
68903003;AP;Macapá;Jardim Equatorial;Avenida Emanoel Souza da Silva
68903004;AP;Macapá;Jardim Equatorial;Avenida Graciliano da Silva Trindade
68903006;AP;Macapá;Jardim Equatorial;Avenida João de Castro Sussuarana
68903007;AP;Macapá;Jardim Equatorial;Avenida Maurício Trindade
68903008;AP;Macapá;Jardim Equatorial;Rua Luis Carlos de Araújo Monteiro
68903009;AP;Macapá;Jardim Equatorial;Rua Mamedio Amaral da Silva
68903011;AP;Macapá;Jardim Equatorial;Avenida Caetes
68903012;AP;Macapá;Jardim Equatorial;Rua Antônio Martins da Silva
68903013;AP;Macapá;Jardim Equatorial;Avenida Grasiliano da Silva Trindade
68903014;AP;Macapá;Jardim Equatorial;Rodovia Juscelino Kubitschek
68903015;AP;Macapá;Jardim Equatorial;Rua da Bacia
68903016;AP;Macapá;Jardim Equatorial;Passagem Tupinambá
68903022;AP;Macapá;Zerão;Rua Doutor Braulino
68903025;AP;Macapá;Zerão;Avenida Wilson Carvalho
68903026;AP;Macapá;Zerão;Rua Eurico dos Santos Barbosa
68903033;AP;Macapá;Jardim Marco Zero;Passagem Guajará
68903035;AP;Macapá;Jardim Marco Zero;Avenida Airton Senna
68903051;AP;Macapá;Zerão;Passarela Beira Rio
68903055;AP;Macapá;Jardim Marco Zero;Rua da Praia do Aturia
68903095;AP;Macapá;Pedrinhas;1ª Travessa Vila dos Oliveiras
68903105;AP;Macapá;Jardim Marco Zero;2ª Travessa Vila dos Oliveiras
68903115;AP;Macapá;Pedrinhas;3ª Travessa Vila dos Oliveiras
68903116;AP;Macapá;Pedrinhas;Rua D
68903117;AP;Macapá;Pedrinhas;Rua F
68903118;AP;Macapá;Pedrinhas;Rua E
68903119;AP;Macapá;Pedrinhas;Rua Um
68903121;AP;Macapá;Pedrinhas;Vila das Oliveiras
68903122;AP;Macapá;Pedrinhas;Rua Dois
68903123;AP;Macapá;Pedrinhas;Rua Três
68903124;AP;Macapá;Pedrinhas;Rua Quatro
68903125;AP;Macapá;Pedrinhas;4ª Travessa Vila dos Oliveiras
68903126;AP;Macapá;Pedrinhas;Avenida Vila dos Oliveiras
68903127;AP;Macapá;Pedrinhas;Rua Cinco
68903128;AP;Macapá;Pedrinhas;Avenida Segunda das Oliveira
68903129;AP;Macapá;Pedrinhas;Rua Seis
68903132;AP;Macapá;Pedrinhas;Alameda da CPA
68903133;AP;Macapá;Pedrinhas;Rua Nova das Pedrinhas
68903134;AP;Macapá;Pedrinhas;Rua A
68903135;AP;Macapá;Pedrinhas;5ª Travessa Vila dos Oliveiras
68903180;AP;Macapá;Jardim Marco Zero;Rua Doutor Walter da Silva Pacheco
68903181;AP;Macapá;Jardim Marco Zero;Rua Pedro Afonso da Silveira
68903182;AP;Macapá;Jardim Marco Zero;Rua José Domingos dos Santos
68903183;AP;Macapá;Jardim Marco Zero;Avenida Ivaldo Alves Veras
68903184;AP;Macapá;Jardim Marco Zero;Passagem Ivaldo Alves Veras
68903185;AP;Macapá;Jardim Marco Zero;Rua Nova das Pedrinhas
68903186;AP;Macapá;Jardim Marco Zero;Rua Raimundo Pereira Trindade
68903187;AP;Macapá;Jardim Marco Zero;Rua Waldomiro Demóstenes Ribeiro
68903188;AP;Macapá;Jardim Marco Zero;Rua Antônio Wanildo Tavares Pinheiro
68903189;AP;Macapá;Jardim Marco Zero;Rua Pastor Deocleciano Cabralzinho de Assis
68903190;AP;Macapá;Jardim Marco Zero;Rua Samuel Trajano de Souza
68903191;AP;Macapá;Jardim Marco Zero;Travessa Pastor Esdras Pinheiro Torres
68903192;AP;Macapá;Jardim Marco Zero;Avenida Irineu Lima de Souza
68903193;AP;Macapá;Jardim Marco Zero;Avenida Stephan Houat
68903194;AP;Macapá;Jardim Marco Zero;Travessa Jucelino Kubitschek
68903195;AP;Macapá;Jardim Marco Zero;Rua da Redenção
68903197;AP;Macapá;Jardim Marco Zero;Rodovia Juscelino Kubitschek
68903198;AP;Macapá;Jardim Marco Zero;Rua Carlos Cantídio Corte
68903199;AP;Macapá;Jardim Marco Zero;Rua Lourival dos Santos Furtado
68903200;AP;Macapá;Jardim Marco Zero;Rua Maria Marola Gato
68903204;AP;Macapá;Jardim Marco Zero;Rua Redenção
68903205;AP;Macapá;Jardim Marco Zero;Travessa Rubi
68903206;AP;Macapá;Jardim Marco Zero;Travessa Tantalita
68903207;AP;Macapá;Jardim Marco Zero;Travessa Turmalina
68903208;AP;Macapá;Jardim Marco Zero;Travessa Ametista
68903209;AP;Macapá;Jardim Marco Zero;Travessa Onix
68903210;AP;Macapá;Jardim Marco Zero;Rua Irmã Augusta Miranda de Alencar
68903215;AP;Macapá;Jardim Marco Zero;Travessa Esmeralda
68903220;AP;Macapá;Zerão;Rua Agenor Ferreira Pinto
68903225;AP;Macapá;Jardim Marco Zero;Travessa Pérola
68903230;AP;Macapá;Zerão;Rua Amadeu Gama
68903235;AP;Macapá;Jardim Marco Zero;Travessa Diamante
68903240;AP;Macapá;Universidade;Avenida Álvaro Nobre
68903245;AP;Macapá;Jardim Marco Zero;Travessa Cristal
68903250;AP;Macapá;Zerão;Avenida Cabo Maurício
68903251;AP;Macapá;Zerão;Travessa Professora Maria Guita
68903252;AP;Macapá;Zerão;Travessa Albino Pena Alves
68903253;AP;Macapá;Zerão;Alameda Sergio Pinheiro
68903254;AP;Macapá;Zerão;Alameda Alexandrina
68903255;AP;Macapá;Jardim Marco Zero;Travessa Quartzo
68903256;AP;Macapá;Jardim Marco Zero;Rua Antônia Maria de Souza
68903257;AP;Macapá;Jardim Marco Zero;Avenida Vicente Duarte
68903258;AP;Macapá;Jardim Marco Zero;Avenida Josefa dos Santos
68903259;AP;Macapá;Jardim Marco Zero;Avenida Lampião
68903261;AP;Macapá;Jardim Marco Zero;Avenida Jacinto Lobato
68903270;AP;Macapá;Zerão;Avenida Dom José Maritano
68903275;AP;Macapá;Jardim Marco Zero;Avenida David Nunes de Lima
68903280;AP;Macapá;Universidade;Avenida Francisco Matos
68903290;AP;Macapá;Zerão;Rua Inspetor Aimoré
68903300;AP;Macapá;Universidade;Rua Inspetor Marcelino
68903310;AP;Macapá;Zerão;Avenida Inspetor Orlando Dias
68903315;AP;Macapá;Jardim Marco Zero;Rua Pedro Souza Silva
68903320;AP;Macapá;Zerão;Avenida José Nery
68903325;AP;Macapá;Jardim Marco Zero;Rua Vícta Mota Dias
68903326;AP;Macapá;Jardim Marco Zero;Ramal Vale das Bençãos
68903327;AP;Macapá;Jardim Marco Zero;Ramal dos Promotores
68903328;AP;Macapá;Jardim Marco Zero;Ramal Padre Vitório Galiane
68903329;AP;Macapá;Jardim Marco Zero;Ramal da Unifap
68903330;AP;Macapá;Jardim Marco Zero;Avenida Lua
68903331;AP;Macapá;Jardim Marco Zero;Ramal Eurico Gaspar
68903332;AP;Macapá;Jardim Marco Zero;Ramal Dois Irmãos
68903333;AP;Macapá;Jardim Marco Zero;Ramal da Asel
68903335;AP;Macapá;Jardim Marco Zero;Rua C
68903345;AP;Macapá;Jardim Marco Zero;Avenida Um
68903346;AP;Macapá;Jardim Marco Zero;Rua José Rodrigues Leitão
68903350;AP;Macapá;Universidade;Rua Luís Azarias
68903355;AP;Macapá;Jardim Marco Zero;Avenida Dois
68903357;AP;Macapá;Jardim Marco Zero;Rua Fernando das Neves Dias
68903358;AP;Macapá;Jardim Marco Zero;Rua Primeira do Seringal
68903359;AP;Macapá;Jardim Marco Zero;Rua Segunda do Seringal
68903360;AP;Macapá;Jardim Marco Zero;Rua Terceira do Seringal
68903361;AP;Macapá;Jardim Marco Zero;Avenida Equatorial
68903362;AP;Macapá;Jardim Marco Zero;Avenida Antônio Lisboa Pinheiro
68903363;AP;Macapá;Jardim Marco Zero;Rua Pedro Siqueira
68903364;AP;Macapá;Jardim Marco Zero;Rua José Luís Barata
68903365;AP;Macapá;Jardim Marco Zero;Avenida Luiza Damasceno Soares
68903366;AP;Macapá;Jardim Marco Zero;Rua Lucimar Amora Delcastilo
68903367;AP;Macapá;Jardim Marco Zero;Ramal JK
68903368;AP;Macapá;Jardim Marco Zero;Ramal Assesap
68903369;AP;Macapá;Jardim Marco Zero;Rua dos Jasmins
68903370;AP;Macapá;Zerão;Avenida Maria Geovanete Pinheiro Borges da Silva
68903371;AP;Macapá;Jardim Marco Zero;Rua dos Lirios
68903372;AP;Macapá;Jardim Marco Zero;Rua dos Girassois
68903373;AP;Macapá;Jardim Marco Zero;Avenida das Ortências
68903374;AP;Macapá;Jardim Marco Zero;Avenida das Violetas
68903375;AP;Macapá;Jardim Marco Zero;Avenida Francisco Soares
68903376;AP;Macapá;Jardim Marco Zero;Avenida das Orquídeas
68903377;AP;Macapá;Jardim Marco Zero;Avenida das Rosas
68903378;AP;Macapá;Jardim Marco Zero;Avenida das Margaridas
68903379;AP;Macapá;Jardim Marco Zero;Rua Açucenas
68903380;AP;Macapá;Zerão;Avenida Mario Fortunato Barriga
68903381;AP;Macapá;Jardim Marco Zero;Ramal Mururema
68903382;AP;Macapá;Jardim Marco Zero;Avenida Venus
68903383;AP;Macapá;Jardim Marco Zero;Rua Mercúrio
68903384;AP;Macapá;Jardim Marco Zero;Avenida Júpiter
68903385;AP;Macapá;Jardim Marco Zero;Avenida Aurora Boreau
68903386;AP;Macapá;Jardim Marco Zero;Avenida Saturno
68903387;AP;Macapá;Jardim Marco Zero;Avenida Marte
68903388;AP;Macapá;Jardim Marco Zero;Ramal das Benções
68903389;AP;Macapá;Jardim Marco Zero;Ramal Bom Jesus
68903390;AP;Macapá;Zerão;Avenida Maria Lúcia Brasão
68903395;AP;Macapá;Jardim Marco Zero;Passagem Independência
68903396;AP;Macapá;Jardim Marco Zero;Rua Estrela
68903400;AP;Macapá;Jardim Marco Zero;Rua Netuno
68903405;AP;Macapá;Jardim Marco Zero;Passagem Uirapuru
68903410;AP;Macapá;Universidade;1ª Avenida da Universidade
68903411;AP;Macapá;Universidade;Avenida Manoel de Souza
68903415;AP;Macapá;Universidade;2ª Avenida da Universidade
68903419;AP;Macapá;Universidade;Rodovia Juscelino Kubitschek
68903420;AP;Macapá;Jardim Marco Zero;Rua Plutão
68903425;AP;Macapá;Universidade;3ª Avenida da Universidade
68903430;AP;Macapá;Zerão;Avenida Professor Caramuru
68903431;AP;Macapá;Zerão;Rua Inspetor Miguel Amorim
68903432;AP;Macapá;Zerão;Rua Vicente Raimundo Alves
68903435;AP;Macapá;Universidade;Avenida Quinta da universidade
68903436;AP;Macapá;Universidade;Ramal da Unifap
68903440;AP;Macapá;Zerão;Avenida Raimundo Perais Nunes de Ataíde
68903445;AP;Macapá;Universidade;Travessa Nona da Universidade
68903450;AP;Macapá;Jardim Marco Zero;Rua Saturno
68903455;AP;Macapá;Universidade;Travessa Jerusalém
68903460;AP;Macapá;Jardim Marco Zero;Rua Sol
68903465;AP;Macapá;Universidade;Travessa Joaquim Nabuco
68903470;AP;Macapá;Jardim Marco Zero;Rua Terra
68903475;AP;Macapá;Universidade;Travessa da Paz
68903480;AP;Macapá;Jardim Marco Zero;Rua Urano
68903485;AP;Macapá;Universidade;Travessa Maria Nunes dos Santos
68903489;AP;Macapá;Universidade;Ramal Eurico Gaspar
68903491;AP;Macapá;Universidade;Ramal dos Promotores
68903492;AP;Macapá;Universidade;Passagem do Malha
68903493;AP;Macapá;Universidade;Travessa Professora Neuzona
68903494;AP;Macapá;Universidade;Travessa Araguaia
68903495;AP;Macapá;Universidade;Travessa Santa Luzia
68903496;AP;Macapá;Universidade;Passagem Gruta
68903497;AP;Macapá;Universidade;Travessa Água Viva
68903498;AP;Macapá;Universidade;Rua Inspetor Antõnio de Oliveira
68903499;AP;Macapá;Universidade;Rua Zéca Serra
68903501;AP;Macapá;Universidade;Rua Doutor Braulino
68903502;AP;Macapá;Universidade;Travessa Solimões
68903505;AP;Macapá;Universidade;Travessa Bom Jesus
68903511;AP;Macapá;Universidade;Rua Eurico dos Santos Barbosa
68903514;AP;Macapá;Zerão;Passarela Beira Rio
68903515;AP;Macapá;Universidade;Travessa Gonzaguinha
68903516;AP;Macapá;Universidade;Avenida Walter Banho
68903517;AP;Macapá;Universidade;Rua Inspetor Miguel Amorim
68903518;AP;Macapá;Universidade;Rua Vicente Raimundo Alves
68903519;AP;Macapá;Universidade;Rua Luis Azarias Neto
68903535;AP;Macapá;Universidade;Travessa Edilson Borges
68903545;AP;Macapá;Universidade;Travessa Dulce Estela Ribeiro
68903555;AP;Macapá;Universidade;Travessa Manoel da Silva
68903565;AP;Macapá;Universidade;Travessa Tapajós
68903575;AP;Macapá;Universidade;Avenida Isa Golveia
68903585;AP;Macapá;Universidade;Travessa Primeira
68903595;AP;Macapá;Universidade;Travessa Segunda
68903605;AP;Macapá;Universidade;Travessa José Caetano
68903615;AP;Macapá;Universidade;Travessa Quarta
68903625;AP;Macapá;Universidade;Travessa Quinta
68903626;AP;Macapá;Universidade;Travessa Sexta
68903627;AP;Macapá;Universidade;Travessa Sétima
68903628;AP;Macapá;Universidade;Travessa Oitava
68903629;AP;Macapá;Universidade;Travessa Nona
68903636;AP;Macapá;Universidade;Travessa Décima
68903637;AP;Macapá;Zerão;Avenida Belas Artes
68903642;AP;Macapá;Zerão;Rua Inspetor Antônio Oliveira
68903660;AP;Macapá;Jardim Marco Zero;Canal das Pedrinhas
68903740;AP;Macapá;Zerão;Avenida Walter Jucá
68903741;AP;Macapá;Zerão;Rua Luis Azarias Neto
68903742;AP;Macapá;Zerão;Rua Zéca Serra
68903743;AP;Macapá;Zerão;Rua Djalma Nascimento
68903744;AP;Macapá;Zerão;Rua Inspetor Antõnio de Oliveira
68903750;AP;Macapá;Universidade;Avenida Antônio Castro Monteiro
68903751;AP;Macapá;Universidade;Travessa Raimunda Nóbre
68903752;AP;Macapá;Universidade;Travessa Benjamim Constant.
68903753;AP;Macapá;Universidade;Travessa Galileu Galilei
68903754;AP;Macapá;Universidade;Avenida Ramildo Neves Benicio
68903757;AP;Macapá;Universidade;Ramal do Rurap
68903758;AP;Macapá;Universidade;Ramal da Unifap
68903759;AP;Macapá;Universidade;Ramal Padre Vitório Galiane
68903770;AP;Macapá;Zerão;Avenida Tenente Amaral
68903771;AP;Macapá;Araxá;1ª Travessa Setentrional
68903772;AP;Macapá;Araxá;2ª Travessa Setentrional
68903773;AP;Macapá;Araxá;3ª Travessa Setentrional
68903774;AP;Macapá;Araxá;5ª Travessa Setentrional
68903775;AP;Macapá;Araxá;Travessa Sexts da Setentrional
68903776;AP;Macapá;Araxá;7ª Travessa Setentrional
68903777;AP;Macapá;Araxá;Travessa Oitava da Setentrional
68903778;AP;Macapá;Araxá;10ª Travessa Setentrional
68903779;AP;Macapá;Araxá;Parque Complexo do Araxá
68903780;AP;Macapá;Araxá;9ª Travessa Setentrional
68903781;AP;Macapá;Araxá;Avenida Aturiá
68903782;AP;Macapá;Araxá;Passagem Primavera
68903783;AP;Macapá;Araxá;Passagem Maridiana do Norte
68903784;AP;Macapá;Araxá;Passagem Meridional
68903785;AP;Macapá;Araxá;Passagem Adelson
68903786;AP;Macapá;Araxá;Passagem Tiza
68903787;AP;Macapá;Araxá;Passagem Eli Dutra
68903788;AP;Macapá;Araxá;Passagem Nazaré
68903789;AP;Macapá;Araxá;Passagem Liberdade
68903790;AP;Macapá;Araxá;Passagem Marisol II
68903791;AP;Macapá;Araxá;Passagem Malafaia
68903792;AP;Macapá;Araxá;Passagem Equatorial
68903793;AP;Macapá;Araxá;Passagem Graças
68903794;AP;Macapá;Araxá;Passagem Santo Antônio
68903850;AP;Macapá;Araxá;Avenida Raimundo Borges
68903851;AP;Macapá;Araxá;Avenida Quinta
68903852;AP;Macapá;Araxá;Avenida Sexta
68903853;AP;Macapá;Araxá;Avenida Sétima
68903854;AP;Macapá;Araxá;Avenida Oitava
68903855;AP;Macapá;Araxá;Rua Setentrional
68903856;AP;Macapá;Araxá;Avenida Nona
68903857;AP;Macapá;Araxá;Avenida Décima do Araxá
68903858;AP;Macapá;Araxá;Avenida Décima Primeira
68903859;AP;Macapá;Araxá;Avenida Décima Segunda
68903860;AP;Macapá;Araxá;Avenida Primeira
68903861;AP;Macapá;Araxá;Passarela Beira Rio
68903862;AP;Macapá;Araxá;Passarela Marisol
68903863;AP;Macapá;Araxá;Passarela Liberdade
68903864;AP;Macapá;Araxá;Passarela Bom Jesus
68903865;AP;Macapá;Araxá;Rua Alessandro B. Guerra
68903866;AP;Macapá;Araxá;Alameda Jardim
68903867;AP;Macapá;Araxá;Passarela Beco da Saudade
68903868;AP;Macapá;Araxá;Passarela Santa Clara
68903869;AP;Macapá;Araxá;Passarela Santo Antonio
68903870;AP;Macapá;Araxá;Rua Adrião Rocha Oliveira
68903873;AP;Macapá;Araxá;Passarela Bianor
68903874;AP;Macapá;Araxá;Avenida Humberto Góes Pereira
68903875;AP;Macapá;Araxá;Avenida Segunda
68903876;AP;Macapá;Araxá;Passagem Castanhal
68903877;AP;Macapá;Araxá;Passagem das Graças
68903878;AP;Macapá;Araxá;Passagem Marisol
68903879;AP;Macapá;Araxá;Alameda Maridional
68903880;AP;Macapá;Araxá;Avenida Terceira
68903881;AP;Macapá;Araxá;Alameda Meridional do Norte
68903882;AP;Macapá;Araxá;Travessa A
68903883;AP;Macapá;Araxá;Rua do Araxá
68903884;AP;Macapá;Araxá;Travessa B
68903885;AP;Macapá;Araxá;Avenida Quarta
68903886;AP;Macapá;Araxá;Travessa C
68903887;AP;Macapá;Araxá;Travessa D
68904001;AP;Macapá;Novo Buritizal;Rua Claudomiro de Moraes
68904010;AP;Macapá;Novo Buritizal;Rua Raul Monteiro Valdez
68904015;AP;Macapá;Novo Buritizal;Travessa Clodóvio Coelho
68904016;AP;Macapá;Novo Buritizal;Passagem Jardim
68904017;AP;Macapá;Novo Buritizal;Travessa Serram
68904019;AP;Macapá;Novo Buritizal;Avenida Governador Manoel Bernado de Melo Castro
68904020;AP;Macapá;Novo Buritizal;Rua Leopoldo Queirós Teixeira
68904030;AP;Macapá;Novo Buritizal;Avenida Armando Limeira Pontes
68904031;AP;Macapá;Novo Buritizal;Travessa Segunda de Moraes
68904032;AP;Macapá;Novo Buritizal;Travessa Primeira de Moraes
68904033;AP;Macapá;Novo Buritizal;Avenida Saúde Pimentel Canto
68904034;AP;Macapá;Novo Buritizal;Avenida Segunda de Moraes
68904035;AP;Macapá;Congós;Rua Dois de Moraes
68904036;AP;Macapá;Novo Buritizal;Rua Raimundo Antônio Machado
68904037;AP;Macapá;Congós;Travessa K. Golveia
68904039;AP;Macapá;Novo Buritizal;Passagem K Gouveia
68904040;AP;Macapá;Novo Buritizal;Avenida Miguel Faustino Picanço
68904043;AP;Macapá;Novo Buritizal;Avenida Raimundo Antônio Machado
68904044;AP;Macapá;Novo Buritizal;Avenida Violeta Mont'Alverne Moreira
68904050;AP;Macapá;Novo Buritizal;Avenida Reinaldo Damasceno
68904060;AP;Macapá;Novo Buritizal;Avenida José de Souza Gomes
68904070;AP;Macapá;Novo Buritizal;Avenida José Augusto Façanha
68904080;AP;Macapá;Novo Buritizal;Avenida José Gonçalves Picanço
68904090;AP;Macapá;Novo Buritizal;Avenida Maximiniano Serra Picanço
68904101;AP;Macapá;Novo Buritizal;Avenida Dionísio Augusto Costa Filho
68904120;AP;Macapá;Novo Buritizal;Travessa Avó Guardina
68904125;AP;Macapá;Novo Buritizal;Travessa Cinco de Outubro
68904130;AP;Macapá;Novo Buritizal;Travessa Manoel Quaresma Mendes
68904140;AP;Macapá;Novo Buritizal;Travessa Heráclito Azevedo Coutinho
68904150;AP;Macapá;Novo Buritizal;Travessa Manoel Valente dos Santos
68904160;AP;Macapá;Novo Buritizal;Travessa Fortunato Peres
68904225;AP;Macapá;Novo Buritizal;Avenida Hely da Silva Oliveira
68904250;AP;Macapá;Novo Buritizal;Rua José Valente dos Santos
68904260;AP;Macapá;Novo Buritizal;Rua Tiago Flexa da Costa
68904271;AP;Macapá;Novo Buritizal;Rua Maria do Carmo Tavares
68904272;AP;Macapá;Novo Buritizal;Rua Eloy Monteiro Nunes
68904273;AP;Macapá;Novo Buritizal;Rua Sarah Roffe Zagury
68904274;AP;Macapá;Novo Buritizal;Rua Nilo Coelho
68904275;AP;Macapá;Novo Buritizal;Rua Francisco Furtado
68904276;AP;Macapá;Novo Buritizal;Avenida João Batista Coutinho
68904277;AP;Macapá;Novo Buritizal;Avenida Maria de Nazaré Brito de Souza
68904278;AP;Macapá;Novo Buritizal;Rua Reinaldo Damasceno
68904279;AP;Macapá;Novo Buritizal;Rua Mestre Julio
68904281;AP;Macapá;Novo Buritizal;Avenida Ernesto Pereira Colares
68904282;AP;Macapá;Novo Buritizal;Avenida Aurora Ferreira da Costa
68904283;AP;Macapá;Novo Buritizal;Avenida Heráclito Juares Filho
68904284;AP;Macapá;Novo Buritizal;Avenida Domingos Amorim
68904286;AP;Macapá;Novo Buritizal;Avenida Cleveland Sá Cavalcante
68904287;AP;Macapá;Novo Buritizal;Travessa Municipalista
68904288;AP;Macapá;Novo Buritizal;Passagem Municipalista
68904325;AP;Macapá;Novo Buritizal;Avenida Vinte e Oito de Julho
68904326;AP;Macapá;Congós;Rua Claudomiro de Moraes
68904327;AP;Macapá;Congós;Avenida Pompeu Cardoso
68904328;AP;Macapá;Congós;Avenida Evandro Carneiro de Melo
68904329;AP;Macapá;Congós;Avenida Laudelino Araújo Corrêa
68904331;AP;Macapá;Congós;Avenida Vigésima Quarta
68904340;AP;Macapá;Congós;Avenida Guajarina Duarte Mendes
68904343;AP;Macapá;Congós;Avenida Luís Alves Cunha
68904344;AP;Macapá;Congós;Travessa Manoel Ferreira da Silva
68904345;AP;Macapá;Congós;Rua Doutor Manoel Brasil
68904350;AP;Macapá;Congós;Avenida Arthur Roque
68904360;AP;Macapá;Congós;Avenida João Guerra
68904365;AP;Macapá;Congós;Avenida Telemaco Mira Martins
68904366;AP;Macapá;Congós;Rua Benedito Lino do Carmo
68904370;AP;Macapá;Congós;Avenida Cabo Velho
68904374;AP;Macapá;Congós;Avenida Edite Penafort
68904376;AP;Macapá;Congós;Rua Carlos Drumond de Andrade
68904377;AP;Macapá;Congós;Rua Doutor Alberto Lima
68904378;AP;Macapá;Congós;Avenida Janari de Azevedo Costa
68904379;AP;Macapá;Congós;Avenida Augusto Santos
68904381;AP;Macapá;Congós;Avenida Aureliano Rening
68904382;AP;Macapá;Congós;Avenida Delegado Antônio Melo
68904383;AP;Macapá;Congós;Avenida Padre Rinaldo Bossi
68904384;AP;Macapá;Congós;Avenida Padre Ângelo Biraghi
68904385;AP;Macapá;Congós;Avenida Raimundo Caxias de Souza
68904386;AP;Macapá;Congós;Avenida Newton Cardoso
68904387;AP;Macapá;Congós;Avenida Francisco Torquato de Araújo
68904388;AP;Macapá;Congós;Avenida José Maria Banhos de Araújo
68904390;AP;Macapá;Congós;Avenida José Moacir Banhos de Araújo
68904395;AP;Macapá;Congós;Avenida Bem-Hur Corrêa Alves
68904396;AP;Macapá;Congós;Avenida Nilo Almeida
68904397;AP;Macapá;Congós;Avenida Comandante Marapanim
68904398;AP;Macapá;Congós;Avenida José Araguarino de Mont'Alverne
68904400;AP;Macapá;Novo Buritizal;Avenida Trinta de Julho
68904405;AP;Macapá;Novo Buritizal;Travessa Trinta e Um de Julho
68904590;AP;Macapá;Novo Buritizal;Avenida Vinte e Sete de Julho
68904591;AP;Macapá;Novo Buritizal;Avenida Trinta de Julho
68904592;AP;Macapá;Novo Buritizal;Avenida Quinze de Julho
68904600;AP;Macapá;Novo Buritizal;Avenida Vinte e Nove de Julho
68904615;AP;Macapá;Novo Buritizal;Rua Maria Raimunda Barros Machado
68904620;AP;Macapá;Novo Buritizal;Avenida Dezoito de Julho
68904630;AP;Macapá;Novo Buritizal;Avenida Vinte e Seis de Julho
68904640;AP;Macapá;Novo Buritizal;Avenida Vinte e Cinco de Julho
68904650;AP;Macapá;Novo Buritizal;Avenida Vinte e Quatro de Julho
68904660;AP;Macapá;Novo Buritizal;Avenida Vinte e Três de Julho
68904665;AP;Macapá;Congós;Rua Manoel Ferreira da Silva
68904670;AP;Macapá;Novo Buritizal;Avenida Vinte e Dois de Julho
68904680;AP;Macapá;Novo Buritizal;Avenida Vinte e Um de Julho
68904690;AP;Macapá;Novo Buritizal;Avenida Dezessete de Julho
68904700;AP;Macapá;Novo Buritizal;Avenida Edilson José Prado Ribeiro
68904710;AP;Macapá;Novo Buritizal;Avenida Dezesseis de Julho
68904715;AP;Macapá;Novo Buritizal;Avenida Vinte de Julho
68904720;AP;Macapá;Novo Buritizal;Avenida Quinze de Julho
68904730;AP;Macapá;Novo Buritizal;Avenida Quatorze de Julho
68904731;AP;Macapá;Novo Buritizal;Avenida Treze de Julho
68904740;AP;Macapá;Novo Buritizal;Avenida Primeiro de Setembro
68904780;AP;Macapá;Novo Buritizal;Avenida Almerindo S. Farias
68904800;AP;Macapá;Novo Buritizal;Rua Dezenove de Julho
68904809;AP;Macapá;Novo Buritizal;Passagem Treze de Setembro
68904810;AP;Macapá;Novo Buritizal;Rua Dois de Setembro
68904811;AP;Macapá;Novo Buritizal;Travessa Antônio Ferreira de Jesus
68904812;AP;Macapá;Novo Buritizal;Rua Antônio Pinheiro Sampaio
68904813;AP;Macapá;Novo Buritizal;Avenida Treze de Setembro
68904814;AP;Macapá;Novo Buritizal;Avenida Primeiro de Maio
68905010;AP;Macapá;Cidade Nova;Avenida Raimundo de Souza Mesquita
68905015;AP;Macapá;Cidade Nova;Avenida Nossa Senhora das Neves
68905020;AP;Macapá;Cidade Nova;Avenida Nossa Senhora do Carmo
68905030;AP;Macapá;Cidade Nova;Avenida Nossa Senhora das Graças
68905040;AP;Macapá;Cidade Nova;Rua Nossa Senhora de Nazaré
68905050;AP;Macapá;Cidade Nova;Avenida Manoel Domingos Medina
68905060;AP;Macapá;Cidade Nova;Avenida Nossa Senhora Aparecida
68905070;AP;Macapá;Cidade Nova;Avenida Juarez Boas Novas
68905080;AP;Macapá;Cidade Nova;Avenida Manoel Cardoso
68905090;AP;Macapá;Cidade Nova;Avenida Dezenove de Março
68905100;AP;Macapá;Cidade Nova;Avenida Oito de Dezembro
68905110;AP;Macapá;Cidade Nova;Avenida Quinze de Novembro
68905120;AP;Macapá;Cidade Nova;Rua Ariosvaldo Coelho Caxias
68905130;AP;Macapá;Cidade Nova;Passagem Rosa dos Ventos
68905140;AP;Macapá;Cidade Nova;Passagem Orquídeas
68905150;AP;Macapá;Cidade Nova;Passagem Flor de Lis
68905160;AP;Macapá;Cidade Nova;Passagem Jasmim
68905170;AP;Macapá;Cidade Nova;Rua Santa Maria
68905180;AP;Macapá;Cidade Nova;Passagem São Benedito
68905190;AP;Macapá;Cidade Nova;Rua São Braz
68905200;AP;Macapá;Cidade Nova;Rua Santa Cruz
68905209;AP;Macapá;Cidade Nova;Rua Antônio Pelais de Souza
68905222;AP;Macapá;Cidade Nova;Rua Raul Clemente Paulo Callins
68905240;AP;Macapá;Cidade Nova;Rua José Tavares de Almeida
68905251;AP;Macapá;Cidade Nova;Rua Turibio Orivaldo Guimarães
68905261;AP;Macapá;Cidade Nova;Rua Raimundo Ramos dos Santos
68905271;AP;Macapá;Cidade Nova;Rua Acesio Guedes
68905290;AP;Macapá;Cidade Nova;Rua Sexta da Baixada do Japonês
68905300;AP;Macapá;Cidade Nova;Rua Sétima da Baixada do Japonês
68905320;AP;Macapá;Cidade Nova;Rua Josefa Pelaes da Silva
68905350;AP;Macapá;Cidade Nova;Passagem Ulisses Guimarães
68905360;AP;Macapá;Cidade Nova;Passagem Flor do Campo
68905370;AP;Macapá;Cidade Nova;Passagem Girassol
68905380;AP;Macapá;Cidade Nova;Passagem Lirios do Campo
68905390;AP;Macapá;Cidade Nova;Passagem Margaridas
68905400;AP;Macapá;Cidade Nova;Passagem das Carmelias
68905410;AP;Macapá;Cidade Nova;Passagem Primeira da Turibio
68905420;AP;Macapá;Cidade Nova;Canal do Jandiá
68905422;AP;Macapá;Cidade Nova;Rua José Furtado de Oliveira
68905440;AP;Macapá;Cidade Nova;Passagem Rosa Menina
68905450;AP;Macapá;Cidade Nova;Passagem Nazaré
68905460;AP;Macapá;Cidade Nova;Travessa São Benedito
68905470;AP;Macapá;Cidade Nova;Rua Santa Clara
68905510;AP;Macapá;Perpétuo Socorro;Rua Rio Tefé
68905511;AP;Macapá;Perpétuo Socorro;Avenida Nossa Senhora da Conceição
68905512;AP;Macapá;Perpétuo Socorro;Avenida Nossa Senhora de Fátima
68905513;AP;Macapá;Perpétuo Socorro;Avenida Nossa Senhora do Perpétuo Socorro
68905514;AP;Macapá;Perpétuo Socorro;Rua Canal do Perpéto Socorro
68905515;AP;Macapá;Perpétuo Socorro;Rua Antonio Pereira da Costa Sousa
68905516;AP;Macapá;Perpétuo Socorro;Travessa Segunda
68905517;AP;Macapá;Perpétuo Socorro;Avenida Terceira
68905520;AP;Macapá;Perpétuo Socorro;Rua Rio Purus
68905525;AP;Macapá;Perpétuo Socorro;Rua Doutor Walter da Silva Pacheco
68905530;AP;Macapá;Perpétuo Socorro;Rua Rio Negro
68905535;AP;Macapá;Perpétuo Socorro;Passagem Rio Negro
68905540;AP;Macapá;Perpétuo Socorro;Rua Rio Japurá
68905545;AP;Macapá;Perpétuo Socorro;Passagem Rio Jari
68905550;AP;Macapá;Perpétuo Socorro;Rua Rio Javari
68905555;AP;Macapá;Perpétuo Socorro;Passagem Rio Xingu
68905560;AP;Macapá;Perpétuo Socorro;Rua Rio Xingu
68905565;AP;Macapá;Perpétuo Socorro;Passagem Nações Unidas
68905570;AP;Macapá;Perpétuo Socorro;Avenida Nações Unidas
68905575;AP;Macapá;Perpétuo Socorro;Passagem Hugo Alves Pinto
68905580;AP;Macapá;Perpétuo Socorro;Avenida Quarta
68905585;AP;Macapá;Perpétuo Socorro;Passagem Ana Nery
68905590;AP;Macapá;Perpétuo Socorro;Avenida da Maria Silva Chavier
68905592;AP;Macapá;Perpétuo Socorro;Avenida Marcílio Dias
68905595;AP;Macapá;Perpétuo Socorro;Passagem São José
68905600;AP;Macapá;Perpétuo Socorro;Avenida Segunda
68905605;AP;Macapá;Perpétuo Socorro;Passagem Nossa Senhora do Perpétuo Socorro
68905610;AP;Macapá;Perpétuo Socorro;Avenida Primeira
68905615;AP;Macapá;Perpétuo Socorro;Passagem Nossa Senhora de Fátima
68905620;AP;Macapá;Perpétuo Socorro;Avenida Quinta
68905621;AP;Macapá;Perpétuo Socorro;Passagem Santa Fé
68905623;AP;Macapá;Perpétuo Socorro;Avenida Santa Teresinha
68905624;AP;Macapá;Perpétuo Socorro;Rua Oscar Santos
68905625;AP;Macapá;Perpétuo Socorro;Passagem Nossa Senhora da Conceição
68905626;AP;Macapá;Perpétuo Socorro;Rua Raul Clemente Paulo Collins
68905627;AP;Macapá;Perpétuo Socorro;Avenida José do Espírito Santo Araújo
68905628;AP;Macapá;Perpétuo Socorro;Rua Acézio Guedes
68905629;AP;Macapá;Perpétuo Socorro;Rua Quintino Justo de Almeida
68905630;AP;Macapá;Perpétuo Socorro;Rua Hugo Alves Pinto
68905631;AP;Macapá;Perpétuo Socorro;Rua Rio Jari
68905635;AP;Macapá;Perpétuo Socorro;Passagem Santa Terezinha
68905640;AP;Macapá;Perpétuo Socorro;Rua Rio Madeira
68905650;AP;Macapá;Perpétuo Socorro;Passagem Rio Purus
68905660;AP;Macapá;Perpétuo Socorro;Passagem Rio Parú
68905670;AP;Macapá;Perpétuo Socorro;Rua Cândido Mendes
68905695;AP;Macapá;Perpétuo Socorro;Passagem Acesio Guedes
68905700;AP;Macapá;Perpétuo Socorro;Rua Raimundo Ramos dos Passos
68905705;AP;Macapá;Perpétuo Socorro;Passagem Primeira José do Espírito Santo
68905711;AP;Macapá;Perpétuo Socorro;Rua Acesio Guedes
68905712;AP;Macapá;Perpétuo Socorro;Avenida Ana Nery
68905715;AP;Macapá;Perpétuo Socorro;Passagem Segunda do Espírito Santo
68905724;AP;Macapá;Perpétuo Socorro;Rua Raimundo Ramos dos Santos
68905725;AP;Macapá;Perpétuo Socorro;Passagem Terceira José do Espírito Santo
68905731;AP;Macapá;Perpétuo Socorro;Rua Turibio Orivaldo Guimarães
68905735;AP;Macapá;Perpétuo Socorro;Passagem Marcílio Dias
68905741;AP;Macapá;Perpétuo Socorro;Rua José Tavares de Almeida
68905745;AP;Macapá;Perpétuo Socorro;Passagem Pedro Américo
68905751;AP;Macapá;Perpétuo Socorro;Rua José Furtado de Oliveira
68905761;AP;Macapá;Perpétuo Socorro;Rua Raul Clemente Paulo Callins
68905771;AP;Macapá;Perpétuo Socorro;Rua Antônio Pelais de Souza
68905780;AP;Macapá;Perpétuo Socorro;Rua Beira Rio
68905800;AP;Macapá;Perpétuo Socorro;Avenida Amélia Dias Santos
68905810;AP;Macapá;Perpétuo Socorro;Avenida José dos Santos Furtado
68905820;AP;Macapá;Perpétuo Socorro;Avenida Moacir Braga Coutinho
68905830;AP;Macapá;Perpétuo Socorro;Avenida Gertrudes Saturnino Loureiro
68905850;AP;Macapá;Perpétuo Socorro;Passagem Santo Agostinho
68905860;AP;Macapá;Perpétuo Socorro;Passagem Maestro Miguel
68905870;AP;Macapá;Perpétuo Socorro;Passagem João Alberto Capiberibe
68905880;AP;Macapá;Perpétuo Socorro;Passagem Santa Marta
68905890;AP;Macapá;Perpétuo Socorro;Passagem Raimundo Ramos dos Passos
68906151;AP;Macapá;São José;Rua São Mateus
68906153;AP;Macapá;São José;Rua São Lucas
68906156;AP;Macapá;São José;Rua São Tiago
68906159;AP;Macapá;São José;Rua São Judas
68906162;AP;Macapá;São José;Rua São Marcos
68906165;AP;Macapá;São José;Rua do Trilho
68906301;AP;Macapá;Marabaixo;Rodovia Duque de Caxias
68906501;AP;Macapá;Marabaixo;Rua Linha B da AP20
68906502;AP;Macapá;Marabaixo;Avenida Quatro
68906503;AP;Macapá;Marabaixo;Avenida Três
68906514;AP;Macapá;Marabaixo;Rua Nona
68906518;AP;Macapá;Marabaixo;Rua Dez
68906519;AP;Macapá;Marabaixo;Rua Nove
68906520;AP;Macapá;Marabaixo;Avenida Benedito Costa
68906521;AP;Macapá;Marabaixo;Avenida São Lázaro
68906522;AP;Macapá;Marabaixo;Avenida São João
68906523;AP;Macapá;Marabaixo;Avenida São Sebastião
68906524;AP;Macapá;Marabaixo;Rua dos Picapaus
68906526;AP;Macapá;Marabaixo;Rua das Marrecos
68906527;AP;Macapá;Marabaixo;Rua das Garças
68906528;AP;Macapá;Marabaixo;Rua das Araras
68906529;AP;Macapá;Marabaixo;Rua das Gaivota
68906533;AP;Macapá;Alvorada;Ramal do Bueirinho
68906534;AP;Macapá;Alvorada;Rua Ruthenete Pereira Marques
68906535;AP;Macapá;Alvorada;Avenida Almirante Barroso
68906545;AP;Macapá;Alvorada;Avenida Professora Cora de Carvalho
68906620;AP;Macapá;Alvorada;Travessa Joaquim Gouveia
68906630;AP;Macapá;Alvorada;Travessa São Francisco
68906631;AP;Macapá;Alvorada;Rua Terceira
68906632;AP;Macapá;Alvorada;Rua Segunda
68906633;AP;Macapá;Alvorada;Rua Tawarys
68906634;AP;Macapá;Alvorada;Travessa Soldado Deondino dos Santos Coelho
68906635;AP;Macapá;Alvorada;Travessa Dezessete
68906640;AP;Macapá;Alvorada;Rua Maria Torres da Silva
68906641;AP;Macapá;Alvorada;Rua Pastor Otoniel Alencar
68906642;AP;Macapá;Alvorada;Rua Manoel Bezerra Barbosa
68906643;AP;Macapá;Alvorada;Travessa Maurício Pacifico Cantuária
68906645;AP;Macapá;Alvorada;Avenida Padre Júlio Maria Lombaerd
68906646;AP;Macapá;Alvorada;Rua Ilha Mirim
68906647;AP;Macapá;Alvorada;Via Dezesseis
68906648;AP;Macapá;Alvorada;Travessa Alvorada
68906649;AP;Macapá;Alvorada;Travessa Padre Luis David
68906650;AP;Macapá;Alvorada;Rua Padre Luis David
68906660;AP;Macapá;Alvorada;Rua Raimundo Banha Corrêa
68906661;AP;Macapá;Alvorada;Alameda Padre Primeira Luis David
68906662;AP;Macapá;Alvorada;Alameda Padre Segunda Luis David
68906663;AP;Macapá;Alvorada;Alameda Lagoa das Garças
68906664;AP;Macapá;Alvorada;Travessa Soldado José dos Santos
68906666;AP;Macapá;Alvorada;Travessa Joaquim Pinheiro Borges
68906670;AP;Macapá;Alvorada;Rua Sebastião Canúto
68906680;AP;Macapá;Alvorada;Avenida Josefina Silva da Soledade
68906685;AP;Macapá;Alvorada;Travessa Eufrázio da Silva Gaia
68906698;AP;Macapá;Alvorada;Rodovia Duque de Caxias
68906711;AP;Macapá;Cabralzinho;Travessa do Goiabal
68906790;AP;Macapá;Cabralzinho;Rua Dois
68906800;AP;Macapá;Alvorada;Rua Três
68906801;AP;Macapá;Cabralzinho;Rodovia Duque de Caxias
68906806;AP;Macapá;Cabralzinho;Via Local Oito
68906807;AP;Macapá;Cabralzinho;Via Local Sete
68906808;AP;Macapá;Cabralzinho;Via Local Seis
68906809;AP;Macapá;Cabralzinho;Via Local Cinco
68906810;AP;Macapá;Cabralzinho;Rua Um
68906811;AP;Macapá;Cabralzinho;Avenida Jaçanã
68906812;AP;Macapá;Cabralzinho;Avenida Bem-te-vi
68906813;AP;Macapá;Cabralzinho;Avenida Anabens
68906814;AP;Macapá;Cabralzinho;Avenida Norte Sul
68906815;AP;Macapá;Cabralzinho;Rua Beija Flor
68906816;AP;Macapá;Cabralzinho;Alameda A.
68906818;AP;Macapá;Cabralzinho;Travessa Arara Azul
68906819;AP;Macapá;Cabralzinho;Alameda B
68906820;AP;Macapá;Cabralzinho;Travessa dos Guarás
68906821;AP;Macapá;Cabralzinho;Rua Segunda
68906822;AP;Macapá;Cabralzinho;Alameda C
68906823;AP;Macapá;Cabralzinho;Travessa Tucanos
68906824;AP;Macapá;Cabralzinho;Travessa Pavão
68906825;AP;Macapá;Cabralzinho;Rua Terceira
68906826;AP;Macapá;Cabralzinho;Alameda D
68906827;AP;Macapá;Cabralzinho;Travessa Terceira
68906828;AP;Macapá;Cabralzinho;Travessa Quarta
68906829;AP;Macapá;Cabralzinho;Rua Quarta
68906830;AP;Macapá;Cabralzinho;Travessa Quinta
68906831;AP;Macapá;Cabralzinho;Rua Quinta
68906832;AP;Macapá;Cabralzinho;Rua Sem Denominação 01
68906833;AP;Macapá;Cabralzinho;Avenida Sem Denominação 01
68906834;AP;Macapá;Cabralzinho;Via Local Um
68906835;AP;Macapá;Cabralzinho;Via Local Dois
68906836;AP;Macapá;Cabralzinho;Via Local Dez
68906837;AP;Macapá;Cabralzinho;Via Local Onze
68906838;AP;Macapá;Cabralzinho;Via Local Três
68906839;AP;Macapá;Cabralzinho;Alameda Curiau
68906840;AP;Macapá;Cabralzinho;Alameda Maracá
68906841;AP;Macapá;Cabralzinho;Alameda Mazagão
68906842;AP;Macapá;Cabralzinho;Alameda Araguary
68906843;AP;Macapá;Cabralzinho;Alameda Cajari
68906844;AP;Macapá;Cabralzinho;Alameda Bela Vista
68906845;AP;Macapá;Cabralzinho;Alameda Ipiranga
68906846;AP;Macapá;Cabralzinho;Alameda Calçoene
68906847;AP;Macapá;Cabralzinho;Rua Macapá
68906848;AP;Macapá;Cabralzinho;Alameda Oiapoque
68906849;AP;Macapá;Cabralzinho;Alameda Campo Belo
68906850;AP;Macapá;Cabralzinho;Rua Eli Rodrigues
68906851;AP;Macapá;Cabralzinho;Avenida Segunda
68906852;AP;Macapá;Cabralzinho;Avenida Terceira
68906853;AP;Macapá;Cabralzinho;Avenida Quarta
68906854;AP;Macapá;Cabralzinho;Avenida Primeira
68906855;AP;Macapá;Cabralzinho;Avenida Quarta
68906856;AP;Macapá;Cabralzinho;Avenida Vitoria Regia
68906857;AP;Macapá;Cabralzinho;Avenida Terceira
68906858;AP;Macapá;Cabralzinho;Avenida Quarta
68906859;AP;Macapá;Cabralzinho;Avenida Quinta
68906860;AP;Macapá;Cabralzinho;Rua Leonor Rodrigues
68906861;AP;Macapá;Cabralzinho;Avenida Sexta
68906865;AP;Macapá;Cabralzinho;Avenida Quinta
68906870;AP;Macapá;Cabralzinho;Avenida Primeira
68906875;AP;Macapá;Cabralzinho;Alameda Sexta
68906880;AP;Macapá;Cabralzinho;Avenida Segunda
68906885;AP;Macapá;Cabralzinho;Avenida Sétima
68906890;AP;Macapá;Cabralzinho;Avenida Terceira
68906891;AP;Macapá;Cabralzinho;Ramal da Fortaleza
68906892;AP;Macapá;Cabralzinho;Ramal Lagoas das Garças
68906895;AP;Macapá;Cabralzinho;Avenida Primeira
68907010;AP;Macapá;Renascer;Rua Creta
68907015;AP;Macapá;Renascer;Avenida Conteporânea
68907020;AP;Macapá;Renascer;Alameda Itália
68907025;AP;Macapá;Renascer;Rua Mar Adriático
68907030;AP;Macapá;Renascer;Rua Liberdade
68907035;AP;Macapá;Renascer;Avenida Demiurgos
68907040;AP;Macapá;Renascer;Avenida Pitágoras
68907050;AP;Macapá;Renascer;Avenida Heródoto
68907060;AP;Macapá;Renascer;Avenida Solidários
68907070;AP;Macapá;Renascer;Avenida Fraternidade
68907080;AP;Macapá;Renascer;Avenida Igualdade
68907090;AP;Macapá;Renascer;Avenida Polis
68907100;AP;Macapá;Renascer;Avenida Lacônia
68907110;AP;Macapá;Renascer;Avenida Gerusa
68907120;AP;Macapá;Renascer;Rua Esperimentos
68907130;AP;Macapá;Renascer;Avenida Classicismo
68907140;AP;Macapá;Renascer;Rua Platão
68907150;AP;Macapá;Renascer;Rua Aristóteles
68907160;AP;Macapá;Renascer;Rua Michelângelo
68907170;AP;Macapá;Renascer;Avenida Balcans
68907180;AP;Macapá;Renascer;Avenida Alexandra Lemos
68907190;AP;Macapá;Renascer;Rua Racionalismo
68907200;AP;Macapá;Renascer;Rua Antropocentrismo
68907201;AP;Macapá;Renascer;Rua Dezessete de Junho
68907202;AP;Macapá;Renascer;Rua Progresso
68907203;AP;Macapá;Renascer;Rua Independência
68907204;AP;Macapá;Renascer;Rua Liberdade
68907205;AP;Macapá;Renascer;Rua Sete de Setembro
68907206;AP;Macapá;Renascer;Rua Milagres
68907207;AP;Macapá;Renascer;Avenida Raimunda Maria Albertina
68907210;AP;Macapá;Renascer;Avenida Metecos
68907220;AP;Macapá;Renascer;Rua Mar Tireno
68907230;AP;Macapá;Renascer;Rua Maiêutica
68907240;AP;Macapá;Renascer;Rua Edi
68907250;AP;Macapá;Renascer;Rua Iluminismo
68907260;AP;Macapá;Renascer;Rua Pretores
68907270;AP;Macapá;Renascer;Avenida Cartagenezes
68907280;AP;Macapá;Renascer;Rua Tribunícia
68907290;AP;Macapá;Renascer;Rua Centurião
68907300;AP;Macapá;Renascer;Rua Tucidetes
68907301;AP;Macapá;Renascer;Avenida Caubi Sérgio Melo
68907302;AP;Macapá;Renascer;Avenida Simplício Caridade
68907303;AP;Macapá;Renascer;Avenida Antônio Carlos Farias de Souza
68907304;AP;Macapá;Renascer;Avenida Venina dos Santos Carvalho
68907305;AP;Macapá;Renascer;Avenida Pedro Cardoso Quaresma
68907306;AP;Macapá;Renascer;Avenida Antônio Serafim dos Santos
68907307;AP;Macapá;Renascer;Avenida Nessy Cambraia da Silva
68907308;AP;Macapá;Renascer;Avenida Augusto Quaresma Bruno
68907309;AP;Macapá;Renascer;Avenida Antônio Rufino da Paixão
68907310;AP;Macapá;Renascer;Avenida das Elites
68907311;AP;Macapá;Renascer;Avenida Cecília Vicente da Paixão
68907312;AP;Macapá;Renascer;Avenida Maria Marques da Costa
68907313;AP;Macapá;Renascer;Avenida Marlon Silva Pereira
68907314;AP;Macapá;Renascer;Avenida Maria Nunes
68907315;AP;Macapá;Renascer;Avenida Nicolau Libório
68907316;AP;Macapá;Renascer;Rua Euci Rodrigues Farias
68907317;AP;Macapá;Renascer;Rua João Almeida do Nascimento
68907318;AP;Macapá;Renascer;Rua Benedito Rodrigues Ferreira
68907320;AP;Macapá;Renascer;Rua Socialismo
68907330;AP;Macapá;Renascer;Rua Italiota
68907340;AP;Macapá;Renascer;Rua Grécia
68907350;AP;Macapá;Renascer;Avenida Egito
68907360;AP;Macapá;Renascer;Rua Mesopotâmia
68907370;AP;Macapá;Renascer;Alameda Pereânio
68907380;AP;Macapá;Renascer;Alameda Poloneso
68907390;AP;Macapá;Renascer;Rua Roma
68907400;AP;Macapá;Renascer;Alameda Tróia
68907410;AP;Macapá;Renascer;Alameda Corito
68907420;AP;Macapá;Renascer;Rua Bizâncio
68907430;AP;Macapá;Renascer;Alameda Micenas
68907440;AP;Macapá;Renascer;Rua Constantinoplas
68907450;AP;Macapá;Renascer;Avenida Ravena
68907460;AP;Macapá;Renascer;Avenida Esparta
68907470;AP;Macapá;Renascer;Alameda Humanismo
68907480;AP;Macapá;Renascer;Avenida Mar Vermelho
68907490;AP;Macapá;Renascer;Rua Oséas de Oliveira Pimentel
68907500;AP;Macapá;Renascer;Rua Constelação de Dellos
68907510;AP;Macapá;Renascer;Rua das Classes
68907520;AP;Macapá;Renascer;Rua Espólio
68907530;AP;Macapá;Renascer;Avenida Mar Egeu
68907540;AP;Macapá;Renascer;Alameda Monalisa
68907550;AP;Macapá;Renascer;Avenida Rafael Sânsio
68907560;AP;Macapá;Renascer;Avenida Leonardo Da Vinci
68907570;AP;Macapá;Renascer;Avenida Macedônia
68907580;AP;Macapá;Renascer;Avenida Pérsia
68907590;AP;Macapá;Renascer;Rua Licínias
68907600;AP;Macapá;Renascer;Travessa Eupátridas
68907610;AP;Macapá;Renascer;Travessa Elitismo
68907611;AP;Macapá;Renascer;Alameda Atenas
68907612;AP;Macapá;Renascer;Alameda Pompéia
68907613;AP;Macapá;Renascer;Alameda Pergamo
68907614;AP;Macapá;Renascer;Rua Samaria
68907620;AP;Macapá;Renascer;Rua Renascimento
68907621;AP;Macapá;Renascer;Rua Manoel Francisco de Souza
68907622;AP;Macapá;Renascer;Alameda Waldemar José Viana
68907623;AP;Macapá;Renascer;Alameda Waldemar José Pereira
68907630;AP;Macapá;Renascer;Rua Sócrates
68907635;AP;Macapá;Renascer;Rua Patrícius
68907640;AP;Macapá;Renascer;Rua Alebeus
68908005;AP;Macapá;Infraero;Rua Porto Alegre
68908006;AP;Macapá;Infraero;Avenida Cid Borges de Santana
68908007;AP;Macapá;Infraero;Rua Ananindeua
68908008;AP;Macapá;Infraero;Rua Boa Vista
68908009;AP;Macapá;Infraero;Rua Belém
68908015;AP;Macapá;Julião Ramos;Rua São José
68908020;AP;Macapá;Julião Ramos;Avenida Mateus Azevedo Coutinho
68908031;AP;Macapá;Infraero;Rua Campo Grande
68908032;AP;Macapá;Infraero;Rua Porto Velho
68908033;AP;Macapá;Infraero;Rua Palmas
68908034;AP;Macapá;Infraero;Rua Manaus
68908036;AP;Macapá;Infraero;Rua Aracaju
68908037;AP;Macapá;Infraero;Rua Imperatriz
68908038;AP;Macapá;Infraero;Rua Tucuruí
68908039;AP;Macapá;Infraero;Rua Rondônia
68908041;AP;Macapá;Infraero;Rua Caxias do Sul
68908042;AP;Macapá;Infraero;Rua Yasmin dos Santos Brito
68908044;AP;Macapá;Infraero;Rua Niterói
68908046;AP;Macapá;Infraero;Rua Maceió
68908047;AP;Macapá;Infraero;Rua Londrina
68908048;AP;Macapá;Infraero;Rua Rio Branco
68908049;AP;Macapá;Infraero;Rua Ouro Preto
68908051;AP;Macapá;Infraero;Rua Roraima
68908052;AP;Macapá;Infraero;Rua Petrolina
68908053;AP;Macapá;Infraero;Rua Olinda
68908054;AP;Macapá;Infraero;Rua Monte Alegre
68908058;AP;Macapá;Infraero;Rua Tocantins
68908060;AP;Macapá;Infraero;Rua Terezina
68908073;AP;Macapá;Infraero;Passagem Santa Maria
68908074;AP;Macapá;Infraero;Avenida Carlos Lins Cortês
68908075;AP;Macapá;Infraero;Rua Maria Raucilene Passos do Nascimento
68908076;AP;Macapá;Infraero;Avenida Maria Cavalcante de Azevedo Picanço
68908077;AP;Macapá;Infraero;Rua Roldão dos Santos Brito
68908078;AP;Macapá;Infraero;Rua da Paz
68908079;AP;Macapá;Infraero;Rua Santo Cristo
68908081;AP;Macapá;Infraero;Rua Shalon
68908082;AP;Macapá;Infraero;Rua Elchadai
68908083;AP;Macapá;Infraero;Rua Filadélfia
68908084;AP;Macapá;Infraero;Rua Jesus de Nazaré
68908085;AP;Macapá;Infraero;Rua Nova Canaã
68908086;AP;Macapá;Infraero;Rua Monte Sinai
68908087;AP;Macapá;Infraero;Rua Sheknan
68908088;AP;Macapá;Infraero;Rua Salmo Noventa e Um
68908089;AP;Macapá;Infraero;Rua Salmo Vinte e Três
68908091;AP;Macapá;Infraero;Rua Salmo Cinquenta e Um
68908092;AP;Macapá;Infraero;Rua Salmo Cem
68908093;AP;Macapá;Infraero;Rua Liberdade
68908110;AP;Macapá;Jesus de Nazaré;Travessa Julião Ramos
68908111;AP;Macapá;Jesus de Nazaré;Canal da Manoel Eudóxio Pereira
68908112;AP;Macapá;Jesus de Nazaré;Avenida Padre José de Anchieta
68908113;AP;Macapá;Jesus de Nazaré;Avenida Princesa Isabel
68908114;AP;Macapá;Jesus de Nazaré;Praça Chico Noé
68908118;AP;Macapá;Jesus de Nazaré;Rua Professor Tostes
68908119;AP;Macapá;Jesus de Nazaré;Rua Hildemar Maia
68908120;AP;Macapá;Jesus de Nazaré;Rua Leopoldo Machado
68908121;AP;Macapá;Jesus de Nazaré;Rua Jovino Dinoá
68908122;AP;Macapá;Jesus de Nazaré;Avenida Mãe Luzia
68908123;AP;Macapá;Jesus de Nazaré;Rua Manoel Eudóxio Pereira
68908124;AP;Macapá;Jesus de Nazaré;Avenida Marcílio Dias
68908125;AP;Macapá;Jesus de Nazaré;Avenida Carlos Gomes
68908126;AP;Macapá;Jesus de Nazaré;Avenida Nações Unidas
68908127;AP;Macapá;Jesus de Nazaré;Avenida General Osório
68908128;AP;Macapá;Jesus de Nazaré;Passagem Ponte do Axé
68908129;AP;Macapá;Jesus de Nazaré;Avenida Ana Nery
68908130;AP;Macapá;Jesus de Nazaré;Rua Hamilton Silva
68908150;AP;Macapá;Julião Ramos;Rua José Serafim
68908153;AP;Macapá;Julião Ramos;Avenida Ana Nery
68908160;AP;Macapá;Julião Ramos;Avenida Mãe Luzia
68908180;AP;Macapá;Julião Ramos;Avenida General Osório
68908181;AP;Macapá;Julião Ramos;Rua General Rondon
68908182;AP;Macapá;Julião Ramos;Rua Odilardo Silva
68908183;AP;Macapá;Julião Ramos;Rua Eliézer Levy
68908188;AP;Macapá;Julião Ramos;Avenida Nações Unidas
68908191;AP;Macapá;Julião Ramos;Passagem Santa Marta
68908192;AP;Macapá;Julião Ramos;Passagem Santa Luzia
68908193;AP;Macapá;Jesus de Nazaré;Avenida José Antônio Siqueira
68908194;AP;Macapá;Julião Ramos;Avenida José Antônio Siqueira
68908196;AP;Macapá;Julião Ramos;Avenida Padre Manoel da Nóbrega
68908197;AP;Macapá;Jesus de Nazaré;Avenida Ernestino Borges
68908198;AP;Macapá;Julião Ramos;Avenida Ernestino Borges
68908199;AP;Macapá;Julião Ramos;Avenida Pedro Américo
68908200;AP;Macapá;Julião Ramos;Avenida Marcílio Dias
68908210;AP;Macapá;Julião Ramos;Passagem José Bonifácio
68908230;AP;Macapá;Pacoval;Avenida Pará
68908235;AP;Macapá;Pacoval;1ª Travessa da Rodovia do Pacoval
68908240;AP;Macapá;Pacoval;Avenida Maranhão
68908245;AP;Macapá;Pacoval;2ª Travessa da Rodovia do Pacoval
68908250;AP;Macapá;Pacoval;Avenida Piauí
68908260;AP;Macapá;Pacoval;Avenida Ceará
68908265;AP;Macapá;Pacoval;Travessa Pará
68908270;AP;Macapá;Pacoval;Avenida Rio Grande do Norte
68908271;AP;Macapá;Pacoval;Passagem Rio Grande do Norte
68908272;AP;Macapá;Pacoval;Rua São José
68908275;AP;Macapá;Pacoval;Rua Manoel Pacífico Cantuário
68908276;AP;Macapá;Pacoval;Travessa Terceira da Rodovia do Pacoval
68908277;AP;Macapá;Pacoval;Travessa Primeira da Rodovia do Pacoval
68908278;AP;Macapá;Pacoval;Travessa Segunda da Rodovia do Pacoval
68908280;AP;Macapá;Pacoval;Avenida Paraíba
68908285;AP;Macapá;Pacoval;Avenida São Benedito
68908290;AP;Macapá;Pacoval;Avenida Pernambuco
68908295;AP;Macapá;Pacoval;Passagem Nossa Senhora de Nazaré
68908300;AP;Macapá;Pacoval;Avenida Alagoas
68908305;AP;Macapá;Pacoval;Passagem Goiás
68908310;AP;Macapá;Pacoval;Avenida Sergipe
68908317;AP;Macapá;Pacoval;Rua São Benedito
68908318;AP;Macapá;Pacoval;Passagem São Paulo
68908319;AP;Macapá;Pacoval;Avenida Raimundo Souza Mesquita
68908320;AP;Macapá;Pacoval;Avenida Bahia
68908325;AP;Macapá;Pacoval;Avenida Maximiano dos Santos Moura
68908330;AP;Macapá;Pacoval;Avenida Amazonas
68908340;AP;Macapá;Pacoval;Rua Goiás
68908350;AP;Macapá;Pacoval;Rua Mato Grosso
68908351;AP;Macapá;Pacoval;Travessa José Jucá de Mont Alverne
68908360;AP;Macapá;Pacoval;Rua Guanabara
68908370;AP;Macapá;Pacoval;Rua São Paulo
68908389;AP;Macapá;Pacoval;Passagem do Jandiá
68908390;AP;Macapá;Pacoval;Avenida Acre
68908400;AP;Macapá;São Lázaro;Avenida João Falconery de Sena
68908401;AP;Macapá;São Lázaro;Rua Luisa Picanço
68908405;AP;Macapá;São Lázaro;Travessa Porcina de Melo
68908410;AP;Macapá;São Lázaro;Avenida Luís Lino dos Santos
68908415;AP;Macapá;São Lázaro;Travessa Manoel Francisco de Souza
68908420;AP;Macapá;São Lázaro;Avenida José Ferreira do Amaral
68908425;AP;Macapá;São Lázaro;Travessa José Viana
68908430;AP;Macapá;São Lázaro;Avenida João Azevedo Tavares
68908435;AP;Macapá;São Lázaro;Rua Caubi Melo
68908440;AP;Macapá;São Lázaro;Avenida Dirceu Cordeiro Dias
68908445;AP;Macapá;São Lázaro;Avenida João de Azevedo Tavares
68908450;AP;Macapá;São Lázaro;Avenida Germano Silva Souza
68908455;AP;Macapá;São Lázaro;Travessa Luis Cezar Picanço
68908460;AP;Macapá;São Lázaro;Avenida José Lino Ramos
68908465;AP;Macapá;São Lázaro;Rua A
68908470;AP;Macapá;São Lázaro;Avenida Aurino Borges de Oliveira
68908475;AP;Macapá;São Lázaro;Passagem Vale Verde
68908480;AP;Macapá;São Lázaro;Avenida José Alves Pessoa
68908481;AP;Macapá;São Lázaro;Canal do Jandiá
68908485;AP;Macapá;São Lázaro;Rua Floriano Waldek
68908490;AP;Macapá;São Lázaro;Avenida Pantaleão Gomes de Oliveira
68908500;AP;Macapá;São Lázaro;Avenida Pedro Wilson de Lima
68908510;AP;Macapá;São Lázaro;Avenida José Pereira Teixeira
68908520;AP;Macapá;São Lázaro;Avenida Favila Gentil
68908530;AP;Macapá;São Lázaro;Rua Tancredo Neves
68908540;AP;Macapá;São Lázaro;Avenida Ambrósio Lúcio da Silva
68908550;AP;Macapá;São Lázaro;Avenida José Moacir Banhos de Araújo
68908560;AP;Macapá;São Lázaro;Avenida Armando Tupan Alves de Abreu
68908570;AP;Macapá;São Lázaro;Avenida Anete Gomes da Silva
68908571;AP;Macapá;São Lázaro;Rua Adilson José Pinto Pereira
68908572;AP;Macapá;São Lázaro;Travessa Santo Inácio de Loiola
68908573;AP;Macapá;São Lázaro;Avenida Miss Fátima Diniz
68908574;AP;Macapá;São Lázaro;Alameda José Viana
68908575;AP;Macapá;São Lázaro;Rodovia BR156
68908576;AP;Macapá;São Lázaro;Rua Emílio Médici
68908580;AP;Macapá;São Lázaro;Avenida Raimundo R. Guedes Figueira
68908640;AP;Macapá;Pacoval;Travessa José Jucá Mont'Alverne
68908641;AP;Macapá;Boné Azul;Avenida Brasil
68908642;AP;Macapá;Boné Azul;Avenida Raimundo Almeida Costa
68908643;AP;Macapá;Boné Azul;Avenida Airton Senna
68908644;AP;Macapá;Boné Azul;Avenida Macapá
68908645;AP;Macapá;Boné Azul;Avenida das Flores
68908646;AP;Macapá;Boné Azul;Avenida Minervina Barcelos
68908647;AP;Macapá;Boné Azul;Avenida Anibal Barcelos
68908751;AP;Macapá;Julião Ramos;Avenida Pedro Américo
68908779;AP;Macapá;Infraero;Avenida dos Abacates
68908780;AP;Macapá;Infraero;Via Acesso Um
68908782;AP;Macapá;Infraero;Via Acesso Principal
68908783;AP;Macapá;Infraero;Avenida das Atas
68908784;AP;Macapá;Infraero;Rua da Biriba
68908785;AP;Macapá;Infraero;Rua do Cacau
68908786;AP;Macapá;Infraero;Rua Cacau
68908787;AP;Macapá;Infraero;Avenida dos Cajus
68908788;AP;Macapá;Infraero;Avenida dos Figos
68908789;AP;Macapá;Infraero;Avenida do Jabuticaba
68908790;AP;Macapá;Infraero;Rua do Limão
68908791;AP;Macapá;Infraero;Avenida das Limas
68908792;AP;Macapá;Infraero;Avenida do Muruci
68908793;AP;Macapá;Infraero;Avenida das Peras
68908794;AP;Macapá;Infraero;Avenida das Uvas
68908795;AP;Macapá;Infraero;Avenida do Açai
68908801;AP;Macapá;Infraero;Avenida Alice do Nascimento Pimentel
68908802;AP;Macapá;Infraero;Avenida Antenor Epifânio Martins
68908803;AP;Macapá;Infraero;Avenida Alzir da Silva Maia
68908804;AP;Macapá;Infraero;Avenida Uriel Sales Araújo
68908805;AP;Macapá;Infraero;Avenida Francisco Felipe de Miranda
68908806;AP;Macapá;Infraero;Avenida João Candido Soares Filho
68908807;AP;Macapá;Infraero;Rua dos Abacaxis
68908808;AP;Macapá;Infraero;Rua Marabá
68908809;AP;Macapá;Infraero;Rua Santarém
68908810;AP;Macapá;Infraero;Rua Maria de Fátima Ardase
68908811;AP;Macapá;Infraero;Rua Ubiracy Azevedo Picanço
68908812;AP;Macapá;Infraero;Rua Bertoldo Rosa Duarte
68908813;AP;Macapá;Infraero;Rua Raimundo Ramos da Silva
68908814;AP;Macapá;Infraero;Rua Yasmin dos Santos Brito
68908815;AP;Macapá;Infraero;Rua Antonio Flexa da Costa
68908816;AP;Macapá;Infraero;Rua Elionai Cesa da Silva
68908817;AP;Macapá;Infraero;Rua Pedro Rodrigues de Lima
68908818;AP;Macapá;Infraero;Rua Djanira Mendonça Palheta
68908819;AP;Macapá;Infraero;Rua Maria Raucilene Passos do Nascimento
68908820;AP;Macapá;Infraero;Rua Francisco Francine Cavalcante
68908821;AP;Macapá;Infraero;Rua Agostinho Nogueira de Souza
68908826;AP;Macapá;Infraero;Rua Imaculada Conceição
68908827;AP;Macapá;Infraero;Rua dos Ananais
68908828;AP;Macapá;Infraero;Rua Natecia Rosa da Silva
68908829;AP;Macapá;Infraero;Rua Redenção
68908832;AP;Macapá;Infraero;Rua dos Abius
68908833;AP;Macapá;Infraero;Rua Açai
68908834;AP;Macapá;Infraero;Rua dos Anajás
68908835;AP;Macapá;Infraero;Rua dos Araçás
68908836;AP;Macapá;Infraero;Avenida das Bacabas
68908837;AP;Macapá;Infraero;Avenida dos Bacuris
68908838;AP;Macapá;Infraero;Rua dos Buritis
68908839;AP;Macapá;Infraero;Avenida dos Cajus
68908841;AP;Macapá;Infraero;Avenida dos Cupuaçus
68908842;AP;Macapá;Infraero;Avenida das Jacas
68908843;AP;Macapá;Infraero;Rua dos Jenipapos
68908844;AP;Macapá;Infraero;Rua dos Mamões
68908845;AP;Macapá;Infraero;Rua dos Maracujás
68908846;AP;Macapá;Infraero;Rua dos Maris
68908847;AP;Macapá;Infraero;Rua dos Morangos
68908848;AP;Macapá;Infraero;Rua dos Mucajás
68908849;AP;Macapá;Infraero;Rua dos Murucis
68908850;AP;Macapá;Infraero;Travessa Doutor André Luís
68908851;AP;Macapá;Infraero;Rua Rio Amazonas
68908852;AP;Macapá;Infraero;Avenida Maria Pereira Cardoso
68908853;AP;Macapá;Infraero;Passagem Tucano
68908854;AP;Macapá;Infraero;Passagem Búfalo
68908855;AP;Macapá;Infraero;Passagem Hércules
68908856;AP;Macapá;Infraero;Avenida Marechal Braga
68908857;AP;Macapá;Infraero;Passagem Quatorze Bis
68908858;AP;Macapá;Infraero;Passagem José Ferreira da Paz
68908859;AP;Macapá;Infraero;Passagem Pedro Furtado
68908860;AP;Macapá;Infraero;Rua Tony Tavares
68908861;AP;Macapá;Infraero;Passagem Josefa Banha
68908862;AP;Macapá;Infraero;Passagem Jonatha Bezerra
68908863;AP;Macapá;Infraero;Passagem José Barbosa
68908864;AP;Macapá;Infraero;Avenida Adolfo de Menezes
68908865;AP;Macapá;Infraero;Passagem Catalina
68908867;AP;Macapá;Infraero;Avenida André Luís
68908868;AP;Macapá;Infraero;Passagem Albatroz
68908869;AP;Macapá;Infraero;Rua Emílio Médici
68908870;AP;Macapá;Infraero;Rua Pedro Peticov
68908871;AP;Macapá;Infraero;Avenida Brigadeiro Araripe Macedo
68908872;AP;Macapá;Infraero;Travessa Ururay
68908873;AP;Macapá;Infraero;Rua Doze de Dezembro
68908874;AP;Macapá;Infraero;Rua Primeiro de Janeiro
68908875;AP;Macapá;Infraero;Passagem Douglas
68908876;AP;Macapá;Infraero;Rua Janary Nunes
68908877;AP;Macapá;Infraero;Rua Brigadeiro Helio Costa
68908879;AP;Macapá;Infraero;Rua Padre Bartolomeu Gusmão
68908880;AP;Macapá;Infraero;Rua Maria Neuza do Carmo
68908881;AP;Macapá;Infraero;Passagem Demossele
68908882;AP;Macapá;Infraero;Avenida Chico Mendes
68908883;AP;Macapá;Infraero;Avenida Marechal Eduardo Gomes
68908884;AP;Macapá;Infraero;Avenida Brigadeiro Farias Lima
68908885;AP;Macapá;Infraero;Passagem dos Bandeirantes
68908886;AP;Macapá;Infraero;Avenida Karipunas
68908887;AP;Macapá;Infraero;Avenida Esquadrão Falção
68908890;AP;Macapá;Infraero;Passagem Jorge Basile
68908891;AP;Macapá;Infraero;Travessa Zepelim
68908892;AP;Macapá;Infraero;Travessa Porcina de Melo
68908893;AP;Macapá;Infraero;Rua Joaquim Navegante
68908894;AP;Macapá;Infraero;Rua dos Tamarindos
68908895;AP;Macapá;Infraero;Passagem Joaquim Valente
68908896;AP;Macapá;Infraero;Rua dos Piquiás
68908897;AP;Macapá;Infraero;Rua das Pupunhas
68908898;AP;Macapá;Infraero;Rua dos Taperebás
68908899;AP;Macapá;Infraero;Rua dos Tucumãs
68909000;AP;Macapá;Jardim Felicidade;Rua Vereador Julio Maria Pinto Pereira
68909005;AP;Macapá;Jardim Felicidade;Rua Amilar Brenha
68909006;AP;Macapá;Jardim Felicidade;Avenida da Liberdade
68909007;AP;Macapá;Jardim Felicidade;Avenida Lourenço Araújo de Sá
68909008;AP;Macapá;Jardim Felicidade;Avenida Josefa Pelaes da Silva
68909009;AP;Macapá;Jardim Felicidade;Avenida Maria das Graças Picanço
68909010;AP;Macapá;Jardim Felicidade;Travessa do Paraíso
68909011;AP;Macapá;Jardim Felicidade;Avenida Pedro Wanderley Fernandes
68909012;AP;Macapá;Novo Horizonte;Avenida Severino Gomes de Almeida
68909013;AP;Macapá;Jardim Felicidade;Avenida Ancelmo Paulo Ramos
68909014;AP;Macapá;Jardim Felicidade;Travessa Carlos Almeida de Souza
68909015;AP;Macapá;Jardim Felicidade;Avenida Ana Maria Gomes da Costa
68909017;AP;Macapá;Jardim Felicidade;Rua Marabaixo
68909018;AP;Macapá;Jardim Felicidade;Rua Eulália Maria de Menezes
68909019;AP;Macapá;Jardim Felicidade;Rua Maria da Silva Xavier
68909020;AP;Macapá;Jardim Felicidade;Travessa do Setentrião
68909021;AP;Macapá;Novo Horizonte;Avenida Francisco Alves Corrêa
68909022;AP;Macapá;Jardim Felicidade;Avenida Zarah Valente Gentil
68909023;AP;Macapá;Jardim Felicidade;Rodovia Curiau
68909025;AP;Macapá;Jardim Felicidade;Avenida Ana Maria das Graças Picanço
68909027;AP;Macapá;Jardim Felicidade;Travessa da Luz
68909028;AP;Macapá;Jardim Felicidade;Travessa Leão Zagury
68909029;AP;Macapá;Jardim Felicidade;Travessa Equatorial
68909030;AP;Macapá;Jardim Felicidade;Rua João Paulo de Souza
68909031;AP;Macapá;Jardim Felicidade;Travessa dos Emigrantes
68909032;AP;Macapá;Jardim Felicidade;Travessa Tricolor
68909033;AP;Macapá;Jardim Felicidade;Avenida Alvaro Carvalho Barbosa
68909034;AP;Macapá;Jardim Felicidade;Avenida Joaquim Silva do Amaral
68909035;AP;Macapá;Jardim Felicidade;Avenida Antônio Carlos Reis
68909038;AP;Macapá;Jardim Felicidade;Travessa Piauí
68909039;AP;Macapá;Jardim Felicidade;Rua Santo Antônio
68909040;AP;Macapá;Jardim Felicidade;Rua Nova República
68909045;AP;Macapá;Jardim Felicidade;Avenida Alexandre Ferreira da Silva
68909046;AP;Macapá;Jardim Felicidade;Rua São Raimundo
68909047;AP;Macapá;Jardim Felicidade;Rua São Januario
68909048;AP;Macapá;Jardim Felicidade;Rua Santa Maria
68909049;AP;Macapá;Jardim Felicidade;Avenida São Joaquim
68909050;AP;Macapá;Jardim Felicidade;Rua Francisco Xavier das Chagas
68909055;AP;Macapá;Jardim Felicidade;Avenida Carlos Almeida de Souza
68909060;AP;Macapá;Jardim Felicidade;Rua José Maria Silva Azevedo
68909061;AP;Macapá;Jardim Felicidade;Travessa Pedro Wanderley Fernandes
68909065;AP;Macapá;Jardim Felicidade;Avenida Deoclides Franco Mont'Alverne
68909066;AP;Macapá;Jardim Felicidade;Avenida Paulo do Espirito Santo Silva
68909067;AP;Macapá;Jardim Felicidade;Rua Clodoaldo da Silva Matias
68909068;AP;Macapá;Jardim Felicidade;Rua Milton de Souza Correia
68909070;AP;Macapá;Jardim Felicidade;Rua Antônio Osmar
68909075;AP;Macapá;Jardim Felicidade;Avenida Francisco Alves Corrêa
68909076;AP;Macapá;Jardim Felicidade;Travessa São Cristovão
68909080;AP;Macapá;Jardim Felicidade;Rua Guilherme Coelho
68909081;AP;Macapá;Jardim Felicidade;Avenida Geriba Almeida de Azevedo Costa
68909090;AP;Macapá;Jardim Felicidade;Rua Raimundo Castro Pontes
68909091;AP;Macapá;Jardim Felicidade;Travessa da Raça Negra
68909092;AP;Macapá;Jardim Felicidade;Avenida Sebastião Queiroz Alcântara
68909093;AP;Macapá;Jardim Felicidade;Avenida Veiga Cabral
68909094;AP;Macapá;Jardim Felicidade;Rodovia BR156
68909095;AP;Macapá;Novo Horizonte;Avenida Hermes Monteiro da Silva
68909096;AP;Macapá;Jardim Felicidade;Travessa dos Mulatos
68909097;AP;Macapá;Jardim Felicidade;Rua João Alberto Capiberibe
68909098;AP;Macapá;Jardim Felicidade;Avenida dos Prazeres
68909099;AP;Macapá;Jardim Felicidade;Avenida Sandoval Almeida Sandin
68909100;AP;Macapá;Jardim Felicidade;Rua Paula Ramos da Fonseca
68909115;AP;Macapá;Jardim Felicidade;Avenida José Ferreira Chucre
68909125;AP;Macapá;Jardim Felicidade;Avenida José Loureiro de Sena
68909131;AP;Macapá;Boné Azul;Avenida Paulo Sérgio
68909132;AP;Macapá;Boné Azul;Avenida Gonzaguinha
68909133;AP;Macapá;Boné Azul;Avenida João Nogueira
68909134;AP;Macapá;Boné Azul;Avenida Orlando Silva
68909135;AP;Macapá;Boné Azul;Avenida Machado de Assis
68909136;AP;Macapá;Boné Azul;Avenida Gregório de Matos
68909137;AP;Macapá;Boné Azul;Avenida Leandro
68909138;AP;Macapá;Boné Azul;Avenida Luís Gonzaga
68909139;AP;Macapá;Boné Azul;Avenida Cartola
68909141;AP;Macapá;Boné Azul;Avenida Cecília Meireles
68909142;AP;Macapá;Boné Azul;Avenida Castro Alves
68909143;AP;Macapá;Boné Azul;Avenida Vinícius de Moraes
68909144;AP;Macapá;Boné Azul;Avenida Elis Regina
68909145;AP;Macapá;Boné Azul;Rua Tom Jobim
68909146;AP;Macapá;Boné Azul;Rua Nelson Gonçalves
68909147;AP;Macapá;Boné Azul;Rua Ataulfo Alves
68909148;AP;Macapá;Boné Azul;Rua Clara Nunes
68909149;AP;Macapá;Boné Azul;Rua Renato Russo
68909151;AP;Macapá;Boné Azul;Rua Augusto dos Anjos
68909152;AP;Macapá;Boné Azul;Rua Vicente Celestino
68909153;AP;Macapá;Boné Azul;Rua Leila Diniz
68909154;AP;Macapá;Boné Azul;Rua Altemar Dutra
68909155;AP;Macapá;Boné Azul;Rua Pixinguinha
68909156;AP;Macapá;Boné Azul;Rua Cazuza
68909157;AP;Macapá;Boné Azul;Rua Aluísio Azevedo
68909158;AP;Macapá;Boné Azul;Rua Tim Maria
68909159;AP;Macapá;Boné Azul;Rua Antônio Marcos
68909161;AP;Macapá;Boné Azul;Rua Dalva de Oliveira
68909162;AP;Macapá;Boné Azul;Rua Evaldo Braga
68909163;AP;Macapá;Boné Azul;Rua João Paulo
68909164;AP;Macapá;Boné Azul;Rua Raul Seixas
68909165;AP;Macapá;Boné Azul;Rua Rui Barbosa
68909166;AP;Macapá;Boné Azul;Rua Sérgio Mendes
68909167;AP;Macapá;Boné Azul;Rua Abelardo Barbosa
68909170;AP;Macapá;Boné Azul;Avenida Araucária
68909171;AP;Macapá;Boné Azul;Rua Armindo Pinto
68909172;AP;Macapá;Boné Azul;Avenida Dener
68909173;AP;Macapá;Boné Azul;Avenida das Nações
68909174;AP;Macapá;Boné Azul;Travessa Nona
68909175;AP;Macapá;Boné Azul;Rua Dona Ermínia
68909177;AP;Macapá;Brasil Novo;Rua Laranjeira
68909301;AP;Macapá;Brasil Novo;Avenida Abacatal
68909302;AP;Macapá;Brasil Novo;Baixa Abacaxi
68909303;AP;Macapá;Brasil Novo;Alameda Abil
68909304;AP;Macapá;Brasil Novo;Avenida Açai
68909305;AP;Macapá;Brasil Novo;Rua Acerola
68909306;AP;Macapá;Brasil Novo;Rua Bacabeira
68909307;AP;Macapá;Brasil Novo;Alameda Bacuri
68909308;AP;Macapá;Brasil Novo;Rua Bacuris
68909309;AP;Macapá;Brasil Novo;Avenida Bananeira
68909311;AP;Macapá;Brasil Novo;Alameda Bom Jesus
68909312;AP;Macapá;Brasil Novo;Rua Cajueiro
68909313;AP;Macapá;Brasil Novo;Avenida Caneleira
68909314;AP;Macapá;Brasil Novo;Alameda Cereja
68909315;AP;Macapá;Brasil Novo;Avenida Coqueiro
68909316;AP;Macapá;Brasil Novo;Alameda Cupuaçu
68909317;AP;Macapá;Brasil Novo;Rua do Cupuaçu
68909318;AP;Macapá;Brasil Novo;Alameda Cupuaçus
68909319;AP;Macapá;Brasil Novo;Rua Floresta
68909320;AP;Macapá;Brasil Novo;Rua Goiabeira
68909321;AP;Macapá;Brasil Novo;Alameda Graviola
68909322;AP;Macapá;Brasil Novo;Avenida Jambeiro
68909323;AP;Macapá;Brasil Novo;Alameda São José
68909324;AP;Macapá;Brasil Novo;Rua Mamoeiro
68909325;AP;Macapá;Brasil Novo;Rua Manacapuru
68909326;AP;Macapá;Brasil Novo;Avenida Manga Rosa
68909327;AP;Macapá;Brasil Novo;Travessa Palmares
68909328;AP;Macapá;Brasil Novo;Avenida Perobal
68909329;AP;Macapá;Brasil Novo;Avenida Pinhal
68909332;AP;Macapá;Brasil Novo;Avenida Seringal
68909333;AP;Macapá;Brasil Novo;Alameda Siriguela
68909334;AP;Macapá;Brasil Novo;Rua Tangerinas
68909335;AP;Macapá;Brasil Novo;Alameda Tucumã
68909336;AP;Macapá;Brasil Novo;Rua das Melancias
68909398;AP;Macapá;Brasil Novo;Rodovia BR210
68909461;AP;Macapá;Boné Azul;Rua Amapá
68909462;AP;Macapá;Boné Azul;Rua Eucalipto
68909463;AP;Macapá;Boné Azul;Rua Jatoba
68909464;AP;Macapá;Boné Azul;Rua Pau Brasil
68909465;AP;Macapá;Boné Azul;Rua Jaboradi
68909466;AP;Macapá;Boné Azul;Avenida Aquariquara
68909467;AP;Macapá;Boné Azul;Avenida Angelim
68909468;AP;Macapá;Boné Azul;Avenida Magno
68909469;AP;Macapá;Boné Azul;Avenida Ipê
68909470;AP;Macapá;Boné Azul;Avenida Castanheira
68909471;AP;Macapá;Boné Azul;Avenida Pau Mulato
68909472;AP;Macapá;Boné Azul;Avenida Maçaranduba
68909473;AP;Macapá;Boné Azul;Passagem da Amizade
68909474;AP;Macapá;Boné Azul;Rua Cedro
68909475;AP;Macapá;Boné Azul;Rua Acapú
68909486;AP;Macapá;Boné Azul;Rua Rio Araguari
68909487;AP;Macapá;Boné Azul;Rua Rio Calçoene
68909488;AP;Macapá;Boné Azul;Rua Rio Curiau
68909489;AP;Macapá;Boné Azul;Rua Rio Matapi
68909490;AP;Macapá;Boné Azul;Rua Rio Vila Nova
68909491;AP;Macapá;Boné Azul;Rua Rio Amapari
68909492;AP;Macapá;Boné Azul;Rua Rio Tocantins
68909493;AP;Macapá;Boné Azul;Rua Rio Xingú
68909494;AP;Macapá;Boné Azul;Rua Rio Jari
68909495;AP;Macapá;Boné Azul;Rua Rio Tapajós
68909496;AP;Macapá;Boné Azul;Rua Rio Negro
68909497;AP;Macapá;Boné Azul;Rua Rio Madeira
68909498;AP;Macapá;Boné Azul;Rua Rio Juruá
68909499;AP;Macapá;Boné Azul;Rua Rio Purus
68909500;AP;Macapá;Boné Azul;Rua Rio Javari
68909501;AP;Macapá;Boné Azul;Avenida Rio Amazonas
68909502;AP;Macapá;Boné Azul;Avenida Rio Solimões
68909511;AP;Macapá;Boné Azul;Rua São João
68909512;AP;Macapá;Boné Azul;Rua Santo Antonio
68909513;AP;Macapá;Boné Azul;Rua São João
68909514;AP;Macapá;Boné Azul;Rua Nossa Senhora Aparecida
68909515;AP;Macapá;Boné Azul;Rua Central
68909516;AP;Macapá;Boné Azul;Avenida Principal
68909517;AP;Macapá;Boné Azul;Alameda Quinta
68909518;AP;Macapá;Boné Azul;Alameda Sexta
68909519;AP;Macapá;Boné Azul;Alameda Setima
68909520;AP;Macapá;Boné Azul;Alameda Oitava
68909521;AP;Macapá;Boné Azul;Alameda Nona
68909522;AP;Macapá;Boné Azul;Alameda Décima
68909523;AP;Macapá;Boné Azul;Alameda Décima Primeira
68909524;AP;Macapá;Boné Azul;Alameda Décima Segunda
68909525;AP;Macapá;Boné Azul;Alameda Décima Terceira
68909526;AP;Macapá;Boné Azul;Alameda Décima Quarta
68909527;AP;Macapá;Boné Azul;Alameda Décima Quinta
68909528;AP;Macapá;Boné Azul;Alameda Décima Sexta
68909529;AP;Macapá;Boné Azul;Alameda Décima Setima
68909530;AP;Macapá;Boné Azul;Alameda Décima Oitava
68909531;AP;Macapá;Boné Azul;Alameda Décima Nona
68909532;AP;Macapá;Boné Azul;Alameda Vigésima
68909533;AP;Macapá;Boné Azul;Rua São Benedito
68909534;AP;Macapá;Boné Azul;Avenida São Sebastião
68909535;AP;Macapá;Boné Azul;Avenida São Pedro
68909536;AP;Macapá;Boné Azul;Avenida Santo Antônio
68909537;AP;Macapá;Boné Azul;Avenida São João
68909538;AP;Macapá;Boné Azul;Travessa São Sebastião
68909539;AP;Macapá;Boné Azul;Rua Santo Expedito
68909543;AP;Macapá;Boné Azul;Rua Pedro Lima
68909544;AP;Macapá;Boné Azul;Rua José Alencar
68909545;AP;Macapá;Boné Azul;Rua Magalhães Barata
68909546;AP;Macapá;Boné Azul;Avenida Alvaro Carvalho Barbosa
68909547;AP;Macapá;Boné Azul;Avenida Severino Gomes de Almeida
68909548;AP;Macapá;Boné Azul;Avenida Ana Maria das Graças Picanço
68909549;AP;Macapá;Boné Azul;Avenida Paulo do Espirito Santo Silva
68909550;AP;Macapá;Boné Azul;Avenida Alexandre Ferreira da Silva
68909551;AP;Macapá;Boné Azul;Avenida Joaquim Silva do Amaral
68909552;AP;Macapá;Boné Azul;Avenida Ana Maria Gomes da Costa
68909659;AP;Macapá;Brasil Novo;Avenida das Oliveiras
68909693;AP;Macapá;Lagoa Azul;Avenida Itaquatiara
68909694;AP;Macapá;Lagoa Azul;Avenida Parintins
68909695;AP;Macapá;Lagoa Azul;Avenida Amazonas
68909696;AP;Macapá;Lagoa Azul;Avenida Amapá
68909697;AP;Macapá;Lagoa Azul;Avenida Sem Denominação Vinte
68909698;AP;Macapá;Lagoa Azul;Rua Mita Cordeiro
68909699;AP;Macapá;Lagoa Azul;Rua Progresso
68909700;AP;Macapá;Lagoa Azul;Rua Figueiredo Teles
68909701;AP;Macapá;Lagoa Azul;Rua Santo Espedito
68909702;AP;Macapá;Lagoa Azul;Rua Salustiano Alves
68909703;AP;Macapá;Lagoa Azul;Rua Rodrigues de Souza
68909704;AP;Macapá;Lagoa Azul;Rua Neves da Luz
68909706;AP;Macapá;Lagoa Azul;Rua Fabio Cordeiro
68909707;AP;Macapá;Lagoa Azul;Rua Manacapuru
68909708;AP;Macapá;Lagoa Azul;Rua Sem Denominação Onze
68909709;AP;Macapá;Lagoa Azul;Rua Sem Denominação Doze
68909710;AP;Macapá;Lagoa Azul;Rua Sem Denominação Treze
68909711;AP;Macapá;Lagoa Azul;Rua Sem Denominação Quatorze
68909712;AP;Macapá;Lagoa Azul;Rua Sem Denominação Quinze
68909713;AP;Macapá;Lagoa Azul;Rua Sem Denominação Vinte e Três
68909714;AP;Macapá;Lagoa Azul;Travessa Amazonas
68909715;AP;Macapá;Lagoa Azul;Travessa Sem Denominação Vinte e Um
68909788;AP;Macapá;Lagoa Azul;Rodovia BR210
68909789;AP;Macapá;Lagoa Azul;Comunidade Ilha Redonda
68909791;AP;Macapá;Novo Horizonte;Rua Jose Penha Tavares
68909792;AP;Macapá;Novo Horizonte;Avenida Raimundo Nery de Matos
68909793;AP;Macapá;Novo Horizonte;Rua Joaquim Magalhaes dos Santos
68909800;AP;Macapá;Novo Horizonte;Rua Alceu Paulo Ramos
68909801;AP;Macapá;Novo Horizonte;Rua Maria Silva Xavier
68909802;AP;Macapá;Novo Horizonte;Rua São João
68909803;AP;Macapá;Novo Horizonte;Rua Cícero Marques de Souza
68909804;AP;Macapá;Novo Horizonte;Rua Iracema Castro Santos
68909805;AP;Macapá;Novo Horizonte;Rua João de Deus
68909806;AP;Macapá;Novo Horizonte;Rua Fernando Alves de Oliveira
68909807;AP;Macapá;Novo Horizonte;Rua Maria da Conceição Santos
68909808;AP;Macapá;Novo Horizonte;Rua Francisco Cassiano da Costa
68909809;AP;Macapá;Novo Horizonte;Rua Maria Nair da Silva
68909810;AP;Macapá;Novo Horizonte;Rua Antônio Flexa da Costa
68909811;AP;Macapá;Novo Horizonte;Rua Raimunda Rodrigues Capiberibe
68909812;AP;Macapá;Novo Horizonte;Avenida Alvaro Carvalho Barbosa
68909813;AP;Macapá;Novo Horizonte;Avenida Ana Maria Gomes da Costa
68909814;AP;Macapá;Novo Horizonte;Avenida Ana Maria das Graças Picanço
68909815;AP;Macapá;Novo Horizonte;Avenida Sebastião Lamarão
68909816;AP;Macapá;Novo Horizonte;Avenida Antônio Carlos Reis
68909817;AP;Macapá;Novo Horizonte;Avenida Alexandre Ferreira da Silva
68909818;AP;Macapá;Novo Horizonte;Avenida Carlos Almeida de Souza
68909819;AP;Macapá;Novo Horizonte;Avenida Deoclides Franco Mont'Alverne
68909820;AP;Macapá;Novo Horizonte;Avenida Antônio Picanço e Silva
68909821;AP;Macapá;Novo Horizonte;Avenida Glicério de Souza Figueredo
68909822;AP;Macapá;Jardim Felicidade;Avenida Geriba Almeida de Azevedo Costa
68909823;AP;Macapá;Novo Horizonte;Avenida Hermes Monteiro da Silva
68909824;AP;Macapá;Novo Horizonte;Avenida Joaquim Silva do Amaral
68909826;AP;Macapá;Novo Horizonte;Avenida José Ferreira Chucre
68909827;AP;Macapá;Novo Horizonte;Avenida José Loureiro de Sena
68909828;AP;Macapá;Novo Horizonte;Avenida da Liberdade
68909829;AP;Macapá;Novo Horizonte;Avenida Lourenço Araújo de Sá
68909830;AP;Macapá;Novo Horizonte;Avenida Josefa Pelaes da Silva
68909831;AP;Macapá;Novo Horizonte;Avenida Maria das Graças Picanço
68909832;AP;Macapá;Novo Horizonte;Avenida Pedro Wanderley Fernandes
68909833;AP;Macapá;Jardim Felicidade;Avenida Severino Gomes de Almeida
68909834;AP;Macapá;Novo Horizonte;Avenida Ancelmo Paulo Ramos
68909835;AP;Macapá;Novo Horizonte;Avenida Zelia Cardoso de Melo
68909837;AP;Macapá;Novo Horizonte;Avenida Antônio Vidal Madureira
68909838;AP;Macapá;Novo Horizonte;Avenida Paulo do Espirito Santo Silva
68909840;AP;Macapá;Marabaixo;Rua Primeira
68909841;AP;Macapá;Marabaixo;Avenida Quinta
68909842;AP;Macapá;Marabaixo;Avenida Sexta
68909843;AP;Macapá;Marabaixo;Avenida Sétima
68909844;AP;Macapá;Marabaixo;Avenida Oitava
68909845;AP;Macapá;Marabaixo;Rua Sétima
68909846;AP;Macapá;Marabaixo;Avenida Nona
68909847;AP;Macapá;Marabaixo;Avenida Décima
68909848;AP;Macapá;Marabaixo;Avenida Décima Primeira
68909849;AP;Macapá;Marabaixo;Avenida Décima Segunda
68909850;AP;Macapá;Marabaixo;Rua Segunda
68909851;AP;Macapá;Marabaixo;Avenida Décima Terceira
68909852;AP;Macapá;Marabaixo;Avenida Décima Quarta
68909853;AP;Macapá;Marabaixo;Avenida Décima Quinta
68909854;AP;Macapá;Marabaixo;Avenida Décima Sexta
68909855;AP;Macapá;Marabaixo;Rua Oitava
68909856;AP;Macapá;Marabaixo;Avenida Décima Sétima
68909857;AP;Macapá;Marabaixo;Avenida Décima Oitava
68909858;AP;Macapá;Marabaixo;Avenida Décima Nona
68909859;AP;Macapá;Marabaixo;Rua Décima
68909861;AP;Macapá;Marabaixo;Ramal Porto do Céu
68909862;AP;Macapá;Marabaixo;Avenida Beija Flores
68909863;AP;Macapá;Marabaixo;Avenida dos Guarás
68909864;AP;Macapá;Marabaixo;Avenida dos Sabiás
68909865;AP;Macapá;Marabaixo;Avenida Primeira
68909866;AP;Macapá;Marabaixo;Rua São Francisco de Assis
68909867;AP;Macapá;Marabaixo;Rua São Raimundo
68909868;AP;Macapá;Marabaixo;Rua Jacira Silva
68909869;AP;Macapá;Marabaixo;Rua Professora Nelzarina Silva
68909870;AP;Macapá;Marabaixo;Rua Quarta
68909871;AP;Macapá;Marabaixo;Rua Eugênia Damasceno
68909872;AP;Macapá;Marabaixo;Travessa Goiás
68909873;AP;Macapá;Marabaixo;Travessa Santo Antônio
68909874;AP;Macapá;Marabaixo;Travessa São José
68909875;AP;Macapá;Marabaixo;Avenida Segunda
68909876;AP;Macapá;Marabaixo;Travessa Julio Amaral
68909877;AP;Macapá;Marabaixo;Travessa São Benedito
68909878;AP;Macapá;Marabaixo;Travessa São Pedro
68909879;AP;Macapá;Marabaixo;Avenida dos Gaviões
68909880;AP;Macapá;Marabaixo;Rua Quinta
68909881;AP;Macapá;Marabaixo;Avenida dos Tucanos
68909882;AP;Macapá;Marabaixo;Avenida dos Uirapurus
68909883;AP;Macapá;Marabaixo;Avenida dos Curiós
68909884;AP;Macapá;Marabaixo;Avenida dos Jaçanãs
68909885;AP;Macapá;Marabaixo;Avenida Terceira
68909886;AP;Macapá;Marabaixo;Avenida dos Pardais
68909887;AP;Macapá;Marabaixo;Avenida dos Maracanás
68909888;AP;Macapá;Marabaixo;Avenida das Arirambas
68909889;AP;Macapá;Marabaixo;Avenida dos Juritis
68909890;AP;Macapá;Marabaixo;Rua Sexta
68909891;AP;Macapá;Marabaixo;Rua Ranolfo de Souza Gato
68909892;AP;Macapá;Marabaixo;Avenida dos Bem-te-vis
68909893;AP;Macapá;Marabaixo;Avenida dos Papagaios
68909894;AP;Macapá;Marabaixo;Avenida dos Pombos
68909895;AP;Macapá;Marabaixo;Avenida Quarta
68909896;AP;Macapá;Marabaixo;Avenida das Andorinhas
68909897;AP;Macapá;Marabaixo;Avenida dos Rouxinos
68909898;AP;Macapá;Marabaixo;Avenida dos Canários
68909899;AP;Macapá;Marabaixo;Rodovia AP20
68911004;AP;Macapá;Fazendinha;Passarela Beira Rio
68911005;AP;Macapá;Fazendinha;Avenida Salvador Diniz
68911010;AP;Macapá;Fazendinha;Avenida Nova Brasilia
68911011;AP;Macapá;Fazendinha;Travessa Quinta do Matadouro
68911012;AP;Macapá;Fazendinha;Travessa do Matadouro
68911015;AP;Macapá;Fazendinha;Avenida Marcelo Ribeiro
68911016;AP;Macapá;Fazendinha;Ramal Tia da Dica
68911020;AP;Macapá;Fazendinha;Avenida Rio Jari
68911021;AP;Macapá;Fazendinha;Avenida Rio Amapá
68911022;AP;Macapá;Fazendinha;Avenida Euripedes Afonso Rodrigues
68911023;AP;Macapá;Fazendinha;Avenida Rio Calçoene
68911024;AP;Macapá;Fazendinha;Avenida Rio Madeira
68911025;AP;Macapá;Fazendinha;Rua Oitava
68911026;AP;Macapá;Fazendinha;Avenida Rio Negro
68911027;AP;Macapá;Fazendinha;Rua Rio Grande
68911028;AP;Macapá;Fazendinha;Rua Rio da Prata
68911029;AP;Macapá;Fazendinha;Rua Rio Canoas
68911030;AP;Macapá;Fazendinha;Rua Nona
68911031;AP;Macapá;Fazendinha;Rua Rio Gurijuba
68911032;AP;Macapá;Fazendinha;Rua Carmelita Lobo Siqueira
68911033;AP;Macapá;Fazendinha;Rua Rio Japurà
68911034;AP;Macapá;Fazendinha;Rua Rio Içá
68911035;AP;Macapá;Fazendinha;Rua F
68911036;AP;Macapá;Fazendinha;Rua Rio Turvo
68911037;AP;Macapá;Fazendinha;Rua Rio Purus
68911038;AP;Macapá;Fazendinha;Rua Rio Juruá
68911039;AP;Macapá;Fazendinha;Rua Rio Madeira
68911040;AP;Macapá;Fazendinha;Avenida Rio Amazonas
68911041;AP;Macapá;Fazendinha;Rua Rio Tapajós
68911042;AP;Macapá;Fazendinha;Rua Rio Solimões
68911043;AP;Macapá;Fazendinha;Rua Rio Xingu
68911044;AP;Macapá;Fazendinha;Rua Rio Amapari
68911045;AP;Macapá;Fazendinha;Avenida Rio Araguaia
68911046;AP;Macapá;Fazendinha;Rua Rio Tocantins
68911047;AP;Macapá;Fazendinha;Rua Rio Trombetas
68911048;AP;Macapá;Fazendinha;Avenida Rio de Janeiro
68911049;AP;Macapá;Fazendinha;Avenida Rio Tieté
68911050;AP;Macapá;Fazendinha;Avenida Rio Pedreira
68911051;AP;Macapá;Fazendinha;Avenida Rio Maruanun
68911052;AP;Macapá;Fazendinha;Avenida Rio Vila Nova
68911053;AP;Macapá;Fazendinha;Avenida Rio Matapi
68911055;AP;Macapá;Fazendinha;Avenida Rio Bonito
68911065;AP;Macapá;Fazendinha;Avenida Rio Oiapoque
68911070;AP;Macapá;Fazendinha;Avenida Décima Nona
68911071;AP;Macapá;Fazendinha;Avenida Décima Segunda
68911075;AP;Macapá;Fazendinha;Ramal Polo Hortefrute
68911080;AP;Macapá;Fazendinha;Rua do Matadouro
68911085;AP;Macapá;Fazendinha;Rodovia Salvador Diniz
68911090;AP;Macapá;Fazendinha;Travessa Bela Vista
68911095;AP;Macapá;Fazendinha;Avenida Santa Terezinha
68911100;AP;Macapá;Fazendinha;Avenida Catarina Madureira
68911105;AP;Macapá;Fazendinha;Rua Caetano Dias Tomaz
68911115;AP;Macapá;Fazendinha;Avenida Sábino Nobre Borges
68911120;AP;Macapá;Fazendinha;Avenida Maria de Oliveira Santana
68911122;AP;Macapá;Fazendinha;Passagem Beira Rio
68911123;AP;Macapá;Fazendinha;Rua Nova da Praia
68911124;AP;Macapá;Fazendinha;Avenida Maria Afonso Rodrigues
68911125;AP;Macapá;Fazendinha;Avenida da Fazendinha
68911126;AP;Macapá;Fazendinha;Ramal Estaleiro
68911127;AP;Macapá;Fazendinha;Avenida Rio Murici
68911128;AP;Macapá;Fazendinha;Avenida Rio Capim
68911129;AP;Macapá;Fazendinha;Avenida Rio Mamoré
68911130;AP;Macapá;Fazendinha;Avenida Vicente Brandão
68911131;AP;Macapá;Fazendinha;Avenida Rio Muju
68911132;AP;Macapá;Fazendinha;Avenida Rio Guaporé
68911133;AP;Macapá;Fazendinha;Avenida Rio Acre
68911134;AP;Macapá;Fazendinha;Rua Rio Iguaçú
68911135;AP;Macapá;Fazendinha;Rua Antônio Mota Bastos
68911136;AP;Macapá;Fazendinha;Rua Rio das Velhas
68911137;AP;Macapá;Fazendinha;Rua Rio Branco
68911138;AP;Macapá;Fazendinha;Rua Rio Javari
68911139;AP;Macapá;Fazendinha;Rua Rio Tefé
68911140;AP;Macapá;Fazendinha;Rua Rio Guama
68911141;AP;Macapá;Fazendinha;Rua Augusto Lobo de Siqueira
68911142;AP;Macapá;Fazendinha;Rua Rio Coari
68911143;AP;Macapá;Fazendinha;Rua Rio Parnaiba
68911144;AP;Macapá;Fazendinha;Rua Rio Xapuri
68911145;AP;Macapá;Fazendinha;Rua Raimundo Gomes
68911150;AP;Macapá;Fazendinha;Passagem Vila Operária
68911153;AP;Macapá;Fazendinha;Rua Vila Operária
68911155;AP;Macapá;Fazendinha;Passagem Dona Márcia
68911158;AP;Macapá;Fazendinha;Avenida Manoel Chaves de Melo
68911160;AP;Macapá;Fazendinha;Ramal do Mini Polo
68911165;AP;Macapá;Fazendinha;Avenida José Borges dos Santos
68911355;AP;Macapá;Muruci (Fazendinha);Avenida Jose Maria Gonçalves Leão
68911356;AP;Macapá;Muruci (Fazendinha);Avenida Onina Vieira dos Santos
68911357;AP;Macapá;Muruci (Fazendinha);Rua Joaquim de Jesus Picanço
68911358;AP;Macapá;Muruci (Fazendinha);Travessa Floriano Ferreira
68911359;AP;Macapá;Muruci (Fazendinha);Rua Constancia Leão Tomaz
68911360;AP;Macapá;Muruci (Fazendinha);Travessa do Goiaba
68911361;AP;Macapá;Muruci (Fazendinha);Rua Agegerlau Rodrigues das Chagas
68911362;AP;Macapá;Muruci (Fazendinha);Ramal do Izaque
68911364;AP;Macapá;Muruci (Fazendinha);Avenida Nova do Murici
68911365;AP;Macapá;Muruci (Fazendinha);Avenida José Maria da Silva Nunes
68911370;AP;Macapá;Muruci (Fazendinha);Travessa Arnaldo de Almeida Rodrigues
68911375;AP;Macapá;Muruci (Fazendinha);Avenida Sexta
68911380;AP;Macapá;Muruci (Fazendinha);Avenida Raimunda Apolinária
68911385;AP;Macapá;Muruci (Fazendinha);Travessa Lucio Neves de Almeida
68911395;AP;Macapá;Muruci (Fazendinha);Avenida Hubelino Nunes de Almeida
68911400;AP;Macapá;Muruci (Fazendinha);Avenida Raimundo Dias Tomaz
68911405;AP;Macapá;Muruci (Fazendinha);Avenida Antenor Vaz dos Santos
68911410;AP;Macapá;Muruci (Fazendinha);Alameda Manoel Soares
68911411;AP;Macapá;Muruci (Fazendinha);Travessa Constancia Leão Tomaz
68911415;AP;Macapá;Muruci (Fazendinha);Rua das Ameixeiras
68911420;AP;Macapá;Muruci (Fazendinha);Rua Joaquim Procópio de Oliveira
68911425;AP;Macapá;Muruci (Fazendinha);Rua Raimunda Apolinária
68911430;AP;Macapá;Muruci (Fazendinha);Ramal da Cascalheira
68911435;AP;Macapá;Muruci (Fazendinha);Ramal Vista Alegre
68911450;AP;Macapá;Muruci (Fazendinha);Rua da Marinha
68911451;AP;Macapá;Muruci (Fazendinha);Rua da Praia
68911452;AP;Macapá;Muruci (Fazendinha);Rua da Castanheira
68911453;AP;Macapá;Muruci (Fazendinha);Avenida Nove de Novembro
68911454;AP;Macapá;Muruci (Fazendinha);Rua Rio Amazonas
68911455;AP;Macapá;Muruci (Fazendinha);Avenida Três de Abril
68911456;AP;Macapá;Muruci (Fazendinha);Travessa das Hortas
68911457;AP;Macapá;Muruci (Fazendinha);Travessa Tucumâ
68911458;AP;Macapá;Muruci (Fazendinha);Travessa dos Buritis
68911459;AP;Macapá;Muruci (Fazendinha);Travessa Primavera
68911461;AP;Macapá;Muruci (Fazendinha);Rua da Sapucaia
68911462;AP;Macapá;Muruci (Fazendinha);Travessa Primeira da Castanheira
68911463;AP;Macapá;Muruci (Fazendinha);Travessa Segunda da Castanheira
68911464;AP;Macapá;Muruci (Fazendinha);Travessa Terceira da Castanheira
68911465;AP;Macapá;Muruci (Fazendinha);Rua do Estaleiro
68911466;AP;Macapá;Muruci (Fazendinha);Rua Beira Rio
68911467;AP;Macapá;Muruci (Fazendinha);Avenida Japurá
